<?xml version="1.0" encoding="UTF-8"?><apiPackage id="flare.system"><apiName>flare.system</apiName><apiDetail/><apiClassifier id="flare.system:Device3D"><apiName>Device3D</apiName><shortdesc>
	 The Device3D class manages the main configuration, states and data processing.</shortdesc><prolog><author>Ariel Nehmad
	 </author><asMetadata/></prolog><apiClassifierDetail><apiClassifierDef><apiAccess value="public"/><apiStatic/><apiFinal/><apiBaseClassifier>Object</apiBaseClassifier></apiClassifierDef><apiDesc>
	 The Device3D class manages the main configuration, states and data processing.
	 </apiDesc></apiClassifierDetail><apiValue id="flare.system:Device3D:bones"><apiName>bones</apiName><shortdesc>
		 Buffer used to store bones transformations.</shortdesc><prolog/><apiValueDetail><apiValueDef><apiAccess value="public"/><apiStatic/><apiData>unknown</apiData><apiType value="Vector$Number"/></apiValueDef><apiDesc>
		 Buffer used to store bones transformations.
		 </apiDesc></apiValueDetail></apiValue><apiValue id="flare.system:Device3D:cameraGlobal"><apiName>cameraGlobal</apiName><shortdesc>
		 Current view matrix.</shortdesc><prolog/><apiValueDetail><apiValueDef><apiAccess value="public"/><apiStatic/><apiData>unknown</apiData><apiType value="flash.geom:Matrix3D"/></apiValueDef><apiDesc>
		 Current view matrix. This property is automatically set during the rendereing process.
		 </apiDesc></apiValueDetail></apiValue><apiValue id="flare.system:Device3D:camera"><apiName>camera</apiName><shortdesc>
		 Current rendering camera.</shortdesc><prolog/><apiValueDetail><apiValueDef><apiProperty/><apiAccess value="public"/><apiStatic/><apiValueClassifier>flare.core:Camera3D</apiValueClassifier></apiValueDef><apiDesc>
		 Current rendering camera. This property is automatically set during the rendereing process.
		 </apiDesc></apiValueDetail></apiValue><apiValue id="flare.system:Device3D:cam"><apiName>cam</apiName><shortdesc/><prolog/><apiValueDetail><apiValueDef><apiAccess value="public"/><apiStatic/><apiData>unknown</apiData><apiType value="Vector$Number"/></apiValueDef></apiValueDetail></apiValue><apiValue id="flare.system:Device3D:cos_time"><apiName>cos_time</apiName><shortdesc/><prolog/><apiValueDetail><apiValueDef><apiAccess value="public"/><apiStatic/><apiData>unknown</apiData><apiType value="Vector$Number"/></apiValueDef></apiValueDetail></apiValue><apiValue id="flare.system:Device3D:defaultCullFace"><apiName>defaultCullFace</apiName><shortdesc>
		 The default cull face mode to use when some material is created.</shortdesc><prolog/><apiValueDetail><apiValueDef><apiProperty/><apiAccess value="public"/><apiStatic/><apiData>back</apiData><apiType value="String"/></apiValueDef><apiDesc>
		 The default cull face mode to use when some material is created.
		 </apiDesc></apiValueDetail></apiValue><apiValue id="flare.system:Device3D:defaultDestFactor"><apiName>defaultDestFactor</apiName><shortdesc>
		 The default destination factor to use when some material is created.</shortdesc><prolog/><apiValueDetail><apiValueDef><apiProperty/><apiAccess value="public"/><apiStatic/><apiData>zero</apiData><apiType value="String"/></apiValueDef><apiDesc>
		 The default destination factor to use when some material is created.
		 </apiDesc></apiValueDetail></apiValue><apiValue id="flare.system:Device3D:defaultSourceFactor"><apiName>defaultSourceFactor</apiName><shortdesc>
		 The default source factor to use when some material is created.</shortdesc><prolog/><apiValueDetail><apiValueDef><apiProperty/><apiAccess value="public"/><apiStatic/><apiData>one</apiData><apiType value="String"/></apiValueDef><apiDesc>
		 The default source factor to use when some material is created.
		 </apiDesc></apiValueDetail></apiValue><apiValue id="flare.system:Device3D:drawCalls"><apiName>drawCalls</apiName><shortdesc>
		 The number of draw operations of the last frame.</shortdesc><prolog/><apiValueDetail><apiValueDef><apiProperty/><apiAccess value="public"/><apiStatic/><apiType value="int"/></apiValueDef><apiDesc>
		 The number of draw operations of the last frame.
		 </apiDesc></apiValueDetail></apiValue><apiValue id="flare.system:Device3D:frameCount"><apiName>frameCount</apiName><shortdesc>
		 The ammount of frames rendered.</shortdesc><prolog/><apiValueDetail><apiValueDef><apiProperty/><apiAccess value="public"/><apiStatic/><apiType value="int"/></apiValueDef><apiDesc>
		 The ammount of frames rendered.
		 </apiDesc></apiValueDetail></apiValue><apiValue id="flare.system:Device3D:global"><apiName>global</apiName><shortdesc>
		 Global matrix of current rendering object.</shortdesc><prolog/><apiValueDetail><apiValueDef><apiAccess value="public"/><apiStatic/><apiData>unknown</apiData><apiType value="flash.geom:Matrix3D"/></apiValueDef><apiDesc>
		 Global matrix of current rendering object. This property is automatically set during the rendereing process.
		 </apiDesc></apiValueDetail></apiValue><apiValue id="flare.system:Device3D:ignoreStates"><apiName>ignoreStates</apiName><shortdesc>
		 This property sets if materials should use define render states.</shortdesc><prolog/><apiValueDetail><apiValueDef><apiProperty/><apiAccess value="public"/><apiStatic/><apiData>false</apiData><apiType value="Boolean"/></apiValueDef><apiDesc>
		 This property sets if materials should use define render states.
		 If it is sets to false, all blending states, culling, depth testing, masks and scissors are ignored and is to 
		 the user to set the state manually.
		 This may be used in cases where an user defined pass needs to be drawn and an specific state is required.
		 All textures, constants parameters and surface buffers will still be defined by the engine.
		 </apiDesc></apiValueDetail></apiValue><apiValue id="flare.system:Device3D:invGlobal"><apiName>invGlobal</apiName><shortdesc>
		 Inverse global matrix of current rendering object.</shortdesc><prolog/><apiValueDetail><apiValueDef><apiAccess value="public"/><apiStatic/><apiData>unknown</apiData><apiType value="flash.geom:Matrix3D"/></apiValueDef><apiDesc>
		 Inverse global matrix of current rendering object. This property is automatically set during the rendereing process.
		 </apiDesc></apiValueDetail></apiValue><apiValue id="flare.system:Device3D:invertCullMode"><apiName>invertCullMode</apiName><shortdesc>
		 Allow to invert the culling state.</shortdesc><prolog/><apiValueDetail><apiValueDef><apiProperty/><apiAccess value="public"/><apiStatic/><apiData>false</apiData><apiType value="Boolean"/></apiValueDef><apiDesc>
		 Allow to invert the culling state.
		 This property may be used when drawing mirros for example.
		 </apiDesc></apiValueDetail></apiValue><apiValue id="flare.system:Device3D:lastMaterial"><apiName>lastMaterial</apiName><shortdesc>
		 Sets or gets the last used material.</shortdesc><prolog/><apiValueDetail><apiValueDef><apiProperty/><apiAccess value="public"/><apiStatic/><apiType value="flare.materials:Material3D"/></apiValueDef><apiDesc>
		 Sets or gets the last used material.
		 This value is used by the engine to clear only the necesary states.
		 </apiDesc></apiValueDetail></apiValue><apiValue id="flare.system:Device3D:maxBonesPerSurface"><apiName>maxBonesPerSurface</apiName><shortdesc>
		 The maximim number of bones per surface.</shortdesc><prolog/><apiValueDetail><apiValueDef><apiProperty/><apiAccess value="public"/><apiStatic/><apiData>34</apiData><apiType value="int"/></apiValueDef><apiDesc>
		 The maximim number of bones per surface.
		 This value should not be changed if it is not really necesary, it could affect dramatically the performance and stability of the engine.
		 </apiDesc></apiValueDetail></apiValue><apiValue id="flare.system:Device3D:maxTextureSize"><apiName>maxTextureSize</apiName><shortdesc>
		 The maximum texture size allowed.</shortdesc><prolog/><apiValueDetail><apiValueDef><apiProperty/><apiAccess value="public"/><apiStatic/><apiData>2048</apiData><apiType value="int"/></apiValueDef><apiDesc>
		 The maximum texture size allowed.
		 </apiDesc></apiValueDetail></apiValue><apiValue id="flare.system:Device3D:mouse"><apiName>mouse</apiName><shortdesc/><prolog/><apiValueDetail><apiValueDef><apiAccess value="public"/><apiStatic/><apiData>unknown</apiData><apiType value="Vector$Number"/></apiValueDef></apiValueDetail></apiValue><apiValue id="flare.system:Device3D:nearFar"><apiName>nearFar</apiName><shortdesc/><prolog/><apiValueDetail><apiValueDef><apiAccess value="public"/><apiStatic/><apiData>unknown</apiData><apiType value="Vector$Number"/></apiValueDef></apiValueDetail></apiValue><apiValue id="flare.system:Device3D:nullBitmapData"><apiName>nullBitmapData</apiName><shortdesc/><prolog/><apiValueDetail><apiValueDef><apiProperty/><apiAccess value="public"/><apiStatic/><apiData>unknown</apiData><apiType value="flash.display:BitmapData"/></apiValueDef></apiValueDetail></apiValue><apiValue id="flare.system:Device3D:objectsDrawn"><apiName>objectsDrawn</apiName><shortdesc>
		 The number of objects that was drawn on the last frame.</shortdesc><prolog/><apiValueDetail><apiValueDef><apiProperty/><apiAccess value="public"/><apiStatic/><apiType value="int"/></apiValueDef><apiDesc>
		 The number of objects that was drawn on the last frame.
		 </apiDesc></apiValueDetail></apiValue><apiValue id="flare.system:Device3D:profile"><apiName>profile</apiName><shortdesc>
		 Defines which profile will be used when the context is created.</shortdesc><prolog/><apiValueDetail><apiValueDef><apiProperty/><apiAccess value="public"/><apiStatic/><apiData>baseline</apiData><apiType value="String"/></apiValueDef><apiDesc>
		 Defines which profile will be used when the context is created.
		 This property should be set before the scene context is created.
		 </apiDesc></apiValueDetail></apiValue><apiValue id="flare.system:Device3D:proj"><apiName>proj</apiName><shortdesc>
		 Current projection matrix.</shortdesc><prolog/><apiValueDetail><apiValueDef><apiAccess value="public"/><apiStatic/><apiData>unknown</apiData><apiType value="flash.geom:Matrix3D"/></apiValueDef><apiDesc>
		 Current projection matrix. This property is automatically set during the rendereing process.
		 </apiDesc></apiValueDetail></apiValue><apiValue id="flare.system:Device3D:random"><apiName>random</apiName><shortdesc/><prolog/><apiValueDetail><apiValueDef><apiAccess value="public"/><apiStatic/><apiData>unknown</apiData><apiType value="Vector$Number"/></apiValueDef></apiValueDetail></apiValue><apiValue id="flare.system:Device3D:scene"><apiName>scene</apiName><shortdesc>
		 Current scene.</shortdesc><prolog/><apiValueDetail><apiValueDef><apiProperty/><apiAccess value="public"/><apiStatic/><apiValueClassifier>flare.basic:Scene3D</apiValueClassifier></apiValueDef><apiDesc>
		 Current scene. This property is automatically set during the rendereing process.
		 </apiDesc></apiValueDetail></apiValue><apiValue id="flare.system:Device3D:screen"><apiName>screen</apiName><shortdesc/><prolog/><apiValueDetail><apiValueDef><apiAccess value="public"/><apiStatic/><apiData>unknown</apiData><apiType value="Vector$Number"/></apiValueDef></apiValueDetail></apiValue><apiValue id="flare.system:Device3D:sin_time"><apiName>sin_time</apiName><shortdesc/><prolog/><apiValueDetail><apiValueDef><apiAccess value="public"/><apiStatic/><apiData>unknown</apiData><apiType value="Vector$Number"/></apiValueDef></apiValueDetail></apiValue><apiValue id="flare.system:Device3D:special0"><apiName>special0</apiName><shortdesc/><prolog/><apiValueDetail><apiValueDef><apiAccess value="public"/><apiStatic/><apiData>unknown</apiData><apiType value="flash.geom:Matrix3D"/></apiValueDef></apiValueDetail></apiValue><apiValue id="flare.system:Device3D:special1"><apiName>special1</apiName><shortdesc/><prolog/><apiValueDetail><apiValueDef><apiAccess value="public"/><apiStatic/><apiData>unknown</apiData><apiType value="flash.geom:Matrix3D"/></apiValueDef></apiValueDetail></apiValue><apiValue id="flare.system:Device3D:special2"><apiName>special2</apiName><shortdesc/><prolog/><apiValueDetail><apiValueDef><apiAccess value="public"/><apiStatic/><apiData>unknown</apiData><apiType value="flash.geom:Matrix3D"/></apiValueDef></apiValueDetail></apiValue><apiValue id="flare.system:Device3D:temporal0"><apiName>temporal0</apiName><shortdesc/><prolog/><apiValueDetail><apiValueDef><apiAccess value="public"/><apiStatic/><apiData>unknown</apiData><apiType value="flash.geom:Matrix3D"/></apiValueDef></apiValueDetail></apiValue><apiValue id="flare.system:Device3D:temporal1"><apiName>temporal1</apiName><shortdesc/><prolog/><apiValueDetail><apiValueDef><apiAccess value="public"/><apiStatic/><apiData>unknown</apiData><apiType value="flash.geom:Matrix3D"/></apiValueDef></apiValueDetail></apiValue><apiValue id="flare.system:Device3D:time"><apiName>time</apiName><shortdesc/><prolog/><apiValueDetail><apiValueDef><apiAccess value="public"/><apiStatic/><apiData>unknown</apiData><apiType value="Vector$Number"/></apiValueDef></apiValueDetail></apiValue><apiValue id="flare.system:Device3D:trianglesDrawn"><apiName>trianglesDrawn</apiName><shortdesc>
		 The number of triangles drawn on the last frame.</shortdesc><prolog/><apiValueDetail><apiValueDef><apiProperty/><apiAccess value="public"/><apiStatic/><apiType value="int"/></apiValueDef><apiDesc>
		 The number of triangles drawn on the last frame.
		 </apiDesc></apiValueDetail></apiValue><apiValue id="flare.system:Device3D:usedBuffers"><apiName>usedBuffers</apiName><shortdesc>
		 Sets or gets the amount of used buffers in last draw call.</shortdesc><prolog/><apiValueDetail><apiValueDef><apiProperty/><apiAccess value="public"/><apiStatic/><apiType value="int"/></apiValueDef><apiDesc>
		 Sets or gets the amount of used buffers in last draw call.
		 This value is used by the engine to clear only the necesary states.
		 </apiDesc></apiValueDetail></apiValue><apiValue id="flare.system:Device3D:usedSamples"><apiName>usedSamples</apiName><shortdesc>
		 Sets or gets the amount of used samples in last draw call.</shortdesc><prolog/><apiValueDetail><apiValueDef><apiProperty/><apiAccess value="public"/><apiStatic/><apiType value="int"/></apiValueDef><apiDesc>
		 Sets or gets the amount of used samples in last draw call.
		 This value is used by the engine to clear only the necesary states.
		 </apiDesc></apiValueDetail></apiValue><apiValue id="flare.system:Device3D:viewPort"><apiName>viewPort</apiName><shortdesc>
		 Current viewport rectangle.</shortdesc><prolog/><apiValueDetail><apiValueDef><apiProperty/><apiAccess value="public"/><apiStatic/><apiType value="flash.geom:Rectangle"/></apiValueDef><apiDesc>
		 Current viewport rectangle. This property is automatically set during the rendereing process.
		 </apiDesc></apiValueDetail></apiValue><apiValue id="flare.system:Device3D:viewProj"><apiName>viewProj</apiName><shortdesc>
		 Current view-projection matrix.</shortdesc><prolog/><apiValueDetail><apiValueDef><apiAccess value="public"/><apiStatic/><apiData>unknown</apiData><apiType value="flash.geom:Matrix3D"/></apiValueDef><apiDesc>
		 Current view-projection matrix. This property is automatically set during the rendereing process.
		 </apiDesc></apiValueDetail></apiValue><apiValue id="flare.system:Device3D:view"><apiName>view</apiName><shortdesc>
		 Current inverted view matrix.</shortdesc><prolog/><apiValueDetail><apiValueDef><apiAccess value="public"/><apiStatic/><apiData>unknown</apiData><apiType value="flash.geom:Matrix3D"/></apiValueDef><apiDesc>
		 Current inverted view matrix. This property is automatically set during the rendereing process.
		 </apiDesc></apiValueDetail></apiValue><apiValue id="flare.system:Device3D:worldViewProj"><apiName>worldViewProj</apiName><shortdesc>
		 Current world-view-projection matrix.</shortdesc><prolog/><apiValueDetail><apiValueDef><apiAccess value="public"/><apiStatic/><apiData>unknown</apiData><apiType value="flash.geom:Matrix3D"/></apiValueDef><apiDesc>
		 Current world-view-projection matrix. This property is automatically set during the rendereing process.
		 </apiDesc></apiValueDetail></apiValue><apiValue id="flare.system:Device3D:worldView"><apiName>worldView</apiName><shortdesc>
		 Current world-view matrix.</shortdesc><prolog/><apiValueDetail><apiValueDef><apiAccess value="public"/><apiStatic/><apiData>unknown</apiData><apiType value="flash.geom:Matrix3D"/></apiValueDef><apiDesc>
		 Current world-view matrix. This property is automatically set during the rendereing process.
		 </apiDesc></apiValueDetail></apiValue><apiValue id="flare.system:Device3D:maxBonesPerVertex:set"><apiName>maxBonesPerVertex</apiName><shortdesc>
		 Sets and returns the maximum number of bones per vertex (1 to 4).</shortdesc><prolog/><apiValueDetail><apiValueDef><apiProperty/><apiAccess value="public"/><apiStatic/><apiValueAccess value="readwrite"/><apiType value="int"/></apiValueDef><apiDesc>
		 Sets and returns the maximum number of bones per vertex (1 to 4).
		 This property works as a global configuration, and should be defined before creating the scene.
		 </apiDesc></apiValueDetail></apiValue></apiClassifier><apiClassifier id="flare.system:ILibraryItem"><apiName>ILibraryItem</apiName><shortdesc>
	 ...</shortdesc><prolog><author>Ariel Nehmad
	 </author><asMetadata/></prolog><apiClassifierDetail><apiClassifierDef><apiInterface/><apiAccess value="public"/><apiStatic/><apiBaseClassifier/></apiClassifierDef><apiDesc>
	 ...
	 </apiDesc></apiClassifierDetail><apiOperation id="flare.system:ILibraryItem:flare.system:ILibraryItem:dispose"><apiName>dispose</apiName><shortdesc/><prolog/><apiOperationDetail><apiOperationDef><apiAccess value="public"/><apiReturn><apiType value="void"/></apiReturn></apiOperationDef></apiOperationDetail></apiOperation></apiClassifier><apiClassifier id="flare.system:ILibraryExternalItem"><apiName>ILibraryExternalItem</apiName><shortdesc>
	 ...</shortdesc><prolog><author>Ariel Nehmad
	 </author><asMetadata/></prolog><apiClassifierDetail><apiClassifierDef><apiInterface/><apiAccess value="public"/><apiStatic/><apiBaseInterface>flare.system:ILibraryItem</apiBaseInterface><apiBaseInterface>flash.events:IEventDispatcher</apiBaseInterface><apiBaseClassifier/></apiClassifierDef><apiDesc>
	 ...
	 </apiDesc></apiClassifierDetail><apiOperation id="flare.system:ILibraryExternalItem:flare.system:ILibraryExternalItem:close"><apiName>close</apiName><shortdesc/><prolog/><apiOperationDetail><apiOperationDef><apiAccess value="public"/><apiReturn><apiType value="void"/></apiReturn></apiOperationDef></apiOperationDetail></apiOperation><apiOperation id="flare.system:ILibraryExternalItem:flare.system:ILibraryExternalItem:load"><apiName>load</apiName><shortdesc/><prolog/><apiOperationDetail><apiOperationDef><apiAccess value="public"/><apiReturn><apiType value="void"/></apiReturn></apiOperationDef></apiOperationDetail></apiOperation><apiValue id="flare.system:ILibraryExternalItem:flare.system:ILibraryExternalItem:bytesLoaded:get"><apiName>bytesLoaded</apiName><shortdesc/><prolog/><apiValueDetail><apiValueDef><apiProperty/><apiAccess value="public"/><apiDynamic/><apiValueAccess value="read"/><apiType value="uint"/></apiValueDef></apiValueDetail></apiValue><apiValue id="flare.system:ILibraryExternalItem:flare.system:ILibraryExternalItem:bytesTotal:get"><apiName>bytesTotal</apiName><shortdesc/><prolog/><apiValueDetail><apiValueDef><apiProperty/><apiAccess value="public"/><apiDynamic/><apiValueAccess value="read"/><apiType value="uint"/></apiValueDef></apiValueDetail></apiValue><apiValue id="flare.system:ILibraryExternalItem:flare.system:ILibraryExternalItem:loaded:get"><apiName>loaded</apiName><shortdesc/><prolog/><apiValueDetail><apiValueDef><apiProperty/><apiAccess value="public"/><apiDynamic/><apiValueAccess value="read"/><apiType value="Boolean"/></apiValueDef></apiValueDetail></apiValue></apiClassifier><apiClassifier id="flare.system:Input3D"><apiName>Input3D</apiName><shortdesc>
	 The Input3D class manages keyboard and mouse inputs.</shortdesc><prolog><author>Ariel Nehmad
	 </author><asMetadata/></prolog><apiClassifierDetail><apiClassifierDef><apiAccess value="public"/><apiStatic/><apiBaseClassifier>Object</apiBaseClassifier></apiClassifierDef><apiDesc>
	 The Input3D class manages keyboard and mouse inputs.
	 
	 <p><xref href="http://www.flare3d.com/examples/05 - keyboard input.zip" scope="external">Download example - 05 - keyboard input.zip</xref></p>
	 
	 </apiDesc></apiClassifierDetail><apiOperation id="flare.system:Input3D:dispose"><apiName>dispose</apiName><shortdesc/><prolog/><apiOperationDetail><apiOperationDef><apiAccess value="public"/><apiStatic/><apiReturn><apiType value="void"/></apiReturn></apiOperationDef></apiOperationDetail></apiOperation><apiOperation id="flare.system:Input3D:initialize"><apiName>initialize</apiName><shortdesc>
		 Initializes the Input3D class.</shortdesc><prolog/><apiOperationDetail><apiOperationDef><apiAccess value="public"/><apiStatic/><apiReturn><apiType value="void"/></apiReturn><apiParam><apiItemName>stage</apiItemName><apiType value="flash.display:Stage"/><apiDesc>Stage container object.
		 </apiDesc></apiParam></apiOperationDef><apiDesc>
		 Initializes the Input3D class. This method is automatically called when a new scene is created.
		 </apiDesc></apiOperationDetail></apiOperation><apiOperation id="flare.system:Input3D:keyDown"><apiName>keyDown</apiName><shortdesc>
		 Returns 'true' all the time the specified key is being pressed.</shortdesc><prolog/><apiOperationDetail><apiOperationDef><apiAccess value="public"/><apiStatic/><apiReturn><apiDesc>'true' if it is pressed.
		 </apiDesc><apiType value="Boolean"/></apiReturn><apiParam><apiItemName>keyCode</apiItemName><apiType value="int"/><apiDesc>Code of the key to be tested.
		 </apiDesc></apiParam></apiOperationDef><apiDesc>
		 Returns 'true' all the time the specified key is being pressed.
		 </apiDesc></apiOperationDetail><related-links><link href="flare.system.xml#Input3D/keyHit()"><linktext>keyHit()</linktext></link></related-links></apiOperation><apiOperation id="flare.system:Input3D:keyHit"><apiName>keyHit</apiName><shortdesc>
		 Returns 'true' if the specified key has been pressed.</shortdesc><prolog/><apiOperationDetail><apiOperationDef><apiAccess value="public"/><apiStatic/><apiReturn><apiDesc>'true' if it is pressed.
		 </apiDesc><apiType value="Boolean"/></apiReturn><apiParam><apiItemName>keyCode</apiItemName><apiType value="int"/><apiDesc>Code of the key to be tested.
		 </apiDesc></apiParam></apiOperationDef><apiDesc>
		 Returns 'true' if the specified key has been pressed. Unlike the keyDown method, this method will return
		 'true' only in the first test. Then it will return 'false' until the key is released, thus avoiding repetitions.
		 </apiDesc></apiOperationDetail><related-links><link href="flare.system.xml#Input3D/keyDown()"><linktext>keyDown()</linktext></link></related-links></apiOperation><apiOperation id="flare.system:Input3D:keyUp"><apiName>keyUp</apiName><shortdesc/><prolog/><apiOperationDetail><apiOperationDef><apiAccess value="public"/><apiStatic/><apiReturn><apiType value="Boolean"/></apiReturn><apiParam><apiItemName>keyCode</apiItemName><apiType value="int"/></apiParam></apiOperationDef></apiOperationDetail></apiOperation><apiOperation id="flare.system:Input3D:reset"><apiName>reset</apiName><shortdesc>
		 Resets all Input states.</shortdesc><prolog/><apiOperationDetail><apiOperationDef><apiAccess value="public"/><apiStatic/><apiReturn><apiType value="void"/></apiReturn></apiOperationDef><apiDesc>
		 Resets all Input states.
		 </apiDesc></apiOperationDetail></apiOperation><apiOperation id="flare.system:Input3D:update"><apiName>update</apiName><shortdesc>
		 Updates keyboard and mouse inputs.</shortdesc><prolog/><apiOperationDetail><apiOperationDef><apiAccess value="public"/><apiStatic/><apiReturn><apiType value="void"/></apiReturn></apiOperationDef><apiDesc>
		 Updates keyboard and mouse inputs. This method is automatically called by the scene.
		 </apiDesc></apiOperationDetail></apiOperation><apiValue id="flare.system:Input3D:ALTERNATE"><apiName>ALTERNATE</apiName><shortdesc/><prolog/><apiValueDetail><apiValueDef><apiAccess value="public"/><apiStatic/><apiData>18</apiData><apiType value="uint"/></apiValueDef></apiValueDetail></apiValue><apiValue id="flare.system:Input3D:A"><apiName>A</apiName><shortdesc/><prolog/><apiValueDetail><apiValueDef><apiAccess value="public"/><apiStatic/><apiData>65</apiData><apiType value="uint"/></apiValueDef></apiValueDetail></apiValue><apiValue id="flare.system:Input3D:BACKQUOTE"><apiName>BACKQUOTE</apiName><shortdesc/><prolog/><apiValueDetail><apiValueDef><apiAccess value="public"/><apiStatic/><apiData>192</apiData><apiType value="uint"/></apiValueDef></apiValueDetail></apiValue><apiValue id="flare.system:Input3D:BACKSLASH"><apiName>BACKSLASH</apiName><shortdesc/><prolog/><apiValueDetail><apiValueDef><apiAccess value="public"/><apiStatic/><apiData>220</apiData><apiType value="uint"/></apiValueDef></apiValueDetail></apiValue><apiValue id="flare.system:Input3D:BACKSPACE"><apiName>BACKSPACE</apiName><shortdesc/><prolog/><apiValueDetail><apiValueDef><apiAccess value="public"/><apiStatic/><apiData>8</apiData><apiType value="uint"/></apiValueDef></apiValueDetail></apiValue><apiValue id="flare.system:Input3D:B"><apiName>B</apiName><shortdesc/><prolog/><apiValueDetail><apiValueDef><apiAccess value="public"/><apiStatic/><apiData>66</apiData><apiType value="uint"/></apiValueDef></apiValueDetail></apiValue><apiValue id="flare.system:Input3D:CAPS_LOCK"><apiName>CAPS_LOCK</apiName><shortdesc/><prolog/><apiValueDetail><apiValueDef><apiAccess value="public"/><apiStatic/><apiData>20</apiData><apiType value="uint"/></apiValueDef></apiValueDetail></apiValue><apiValue id="flare.system:Input3D:COMMAND"><apiName>COMMAND</apiName><shortdesc/><prolog/><apiValueDetail><apiValueDef><apiAccess value="public"/><apiStatic/><apiData>19</apiData><apiType value="uint"/></apiValueDef></apiValueDetail></apiValue><apiValue id="flare.system:Input3D:COMMA"><apiName>COMMA</apiName><shortdesc/><prolog/><apiValueDetail><apiValueDef><apiAccess value="public"/><apiStatic/><apiData>188</apiData><apiType value="uint"/></apiValueDef></apiValueDetail></apiValue><apiValue id="flare.system:Input3D:CONTROL"><apiName>CONTROL</apiName><shortdesc/><prolog/><apiValueDetail><apiValueDef><apiAccess value="public"/><apiStatic/><apiData>17</apiData><apiType value="uint"/></apiValueDef></apiValueDetail></apiValue><apiValue id="flare.system:Input3D:C"><apiName>C</apiName><shortdesc/><prolog/><apiValueDetail><apiValueDef><apiAccess value="public"/><apiStatic/><apiData>67</apiData><apiType value="uint"/></apiValueDef></apiValueDetail></apiValue><apiValue id="flare.system:Input3D:DELETE"><apiName>DELETE</apiName><shortdesc/><prolog/><apiValueDetail><apiValueDef><apiAccess value="public"/><apiStatic/><apiData>46</apiData><apiType value="uint"/></apiValueDef></apiValueDetail></apiValue><apiValue id="flare.system:Input3D:DOWN"><apiName>DOWN</apiName><shortdesc/><prolog/><apiValueDetail><apiValueDef><apiAccess value="public"/><apiStatic/><apiData>40</apiData><apiType value="uint"/></apiValueDef></apiValueDetail></apiValue><apiValue id="flare.system:Input3D:D"><apiName>D</apiName><shortdesc/><prolog/><apiValueDetail><apiValueDef><apiAccess value="public"/><apiStatic/><apiData>68</apiData><apiType value="uint"/></apiValueDef></apiValueDetail></apiValue><apiValue id="flare.system:Input3D:END"><apiName>END</apiName><shortdesc/><prolog/><apiValueDetail><apiValueDef><apiAccess value="public"/><apiStatic/><apiData>35</apiData><apiType value="uint"/></apiValueDef></apiValueDetail></apiValue><apiValue id="flare.system:Input3D:ENTER"><apiName>ENTER</apiName><shortdesc/><prolog/><apiValueDetail><apiValueDef><apiAccess value="public"/><apiStatic/><apiData>13</apiData><apiType value="uint"/></apiValueDef></apiValueDetail></apiValue><apiValue id="flare.system:Input3D:EQUAL"><apiName>EQUAL</apiName><shortdesc/><prolog/><apiValueDetail><apiValueDef><apiAccess value="public"/><apiStatic/><apiData>187</apiData><apiType value="uint"/></apiValueDef></apiValueDetail></apiValue><apiValue id="flare.system:Input3D:ESCAPE"><apiName>ESCAPE</apiName><shortdesc/><prolog/><apiValueDetail><apiValueDef><apiAccess value="public"/><apiStatic/><apiData>27</apiData><apiType value="uint"/></apiValueDef></apiValueDetail></apiValue><apiValue id="flare.system:Input3D:E"><apiName>E</apiName><shortdesc/><prolog/><apiValueDetail><apiValueDef><apiAccess value="public"/><apiStatic/><apiData>69</apiData><apiType value="uint"/></apiValueDef></apiValueDetail></apiValue><apiValue id="flare.system:Input3D:F10"><apiName>F10</apiName><shortdesc/><prolog/><apiValueDetail><apiValueDef><apiAccess value="public"/><apiStatic/><apiData>121</apiData><apiType value="uint"/></apiValueDef></apiValueDetail></apiValue><apiValue id="flare.system:Input3D:F11"><apiName>F11</apiName><shortdesc/><prolog/><apiValueDetail><apiValueDef><apiAccess value="public"/><apiStatic/><apiData>122</apiData><apiType value="uint"/></apiValueDef></apiValueDetail></apiValue><apiValue id="flare.system:Input3D:F12"><apiName>F12</apiName><shortdesc/><prolog/><apiValueDetail><apiValueDef><apiAccess value="public"/><apiStatic/><apiData>123</apiData><apiType value="uint"/></apiValueDef></apiValueDetail></apiValue><apiValue id="flare.system:Input3D:F13"><apiName>F13</apiName><shortdesc/><prolog/><apiValueDetail><apiValueDef><apiAccess value="public"/><apiStatic/><apiData>124</apiData><apiType value="uint"/></apiValueDef></apiValueDetail></apiValue><apiValue id="flare.system:Input3D:F14"><apiName>F14</apiName><shortdesc/><prolog/><apiValueDetail><apiValueDef><apiAccess value="public"/><apiStatic/><apiData>125</apiData><apiType value="uint"/></apiValueDef></apiValueDetail></apiValue><apiValue id="flare.system:Input3D:F15"><apiName>F15</apiName><shortdesc/><prolog/><apiValueDetail><apiValueDef><apiAccess value="public"/><apiStatic/><apiData>126</apiData><apiType value="uint"/></apiValueDef></apiValueDetail></apiValue><apiValue id="flare.system:Input3D:F1"><apiName>F1</apiName><shortdesc/><prolog/><apiValueDetail><apiValueDef><apiAccess value="public"/><apiStatic/><apiData>112</apiData><apiType value="uint"/></apiValueDef></apiValueDetail></apiValue><apiValue id="flare.system:Input3D:F2"><apiName>F2</apiName><shortdesc/><prolog/><apiValueDetail><apiValueDef><apiAccess value="public"/><apiStatic/><apiData>113</apiData><apiType value="uint"/></apiValueDef></apiValueDetail></apiValue><apiValue id="flare.system:Input3D:F3"><apiName>F3</apiName><shortdesc/><prolog/><apiValueDetail><apiValueDef><apiAccess value="public"/><apiStatic/><apiData>114</apiData><apiType value="uint"/></apiValueDef></apiValueDetail></apiValue><apiValue id="flare.system:Input3D:F4"><apiName>F4</apiName><shortdesc/><prolog/><apiValueDetail><apiValueDef><apiAccess value="public"/><apiStatic/><apiData>115</apiData><apiType value="uint"/></apiValueDef></apiValueDetail></apiValue><apiValue id="flare.system:Input3D:F5"><apiName>F5</apiName><shortdesc/><prolog/><apiValueDetail><apiValueDef><apiAccess value="public"/><apiStatic/><apiData>116</apiData><apiType value="uint"/></apiValueDef></apiValueDetail></apiValue><apiValue id="flare.system:Input3D:F6"><apiName>F6</apiName><shortdesc/><prolog/><apiValueDetail><apiValueDef><apiAccess value="public"/><apiStatic/><apiData>117</apiData><apiType value="uint"/></apiValueDef></apiValueDetail></apiValue><apiValue id="flare.system:Input3D:F7"><apiName>F7</apiName><shortdesc/><prolog/><apiValueDetail><apiValueDef><apiAccess value="public"/><apiStatic/><apiData>118</apiData><apiType value="uint"/></apiValueDef></apiValueDetail></apiValue><apiValue id="flare.system:Input3D:F8"><apiName>F8</apiName><shortdesc/><prolog/><apiValueDetail><apiValueDef><apiAccess value="public"/><apiStatic/><apiData>119</apiData><apiType value="uint"/></apiValueDef></apiValueDetail></apiValue><apiValue id="flare.system:Input3D:F9"><apiName>F9</apiName><shortdesc/><prolog/><apiValueDetail><apiValueDef><apiAccess value="public"/><apiStatic/><apiData>120</apiData><apiType value="uint"/></apiValueDef></apiValueDetail></apiValue><apiValue id="flare.system:Input3D:F"><apiName>F</apiName><shortdesc/><prolog/><apiValueDetail><apiValueDef><apiAccess value="public"/><apiStatic/><apiData>70</apiData><apiType value="uint"/></apiValueDef></apiValueDetail></apiValue><apiValue id="flare.system:Input3D:G"><apiName>G</apiName><shortdesc/><prolog/><apiValueDetail><apiValueDef><apiAccess value="public"/><apiStatic/><apiData>71</apiData><apiType value="uint"/></apiValueDef></apiValueDetail></apiValue><apiValue id="flare.system:Input3D:HOME"><apiName>HOME</apiName><shortdesc/><prolog/><apiValueDetail><apiValueDef><apiAccess value="public"/><apiStatic/><apiData>36</apiData><apiType value="uint"/></apiValueDef></apiValueDetail></apiValue><apiValue id="flare.system:Input3D:H"><apiName>H</apiName><shortdesc/><prolog/><apiValueDetail><apiValueDef><apiAccess value="public"/><apiStatic/><apiData>72</apiData><apiType value="uint"/></apiValueDef></apiValueDetail></apiValue><apiValue id="flare.system:Input3D:INSERT"><apiName>INSERT</apiName><shortdesc/><prolog/><apiValueDetail><apiValueDef><apiAccess value="public"/><apiStatic/><apiData>45</apiData><apiType value="uint"/></apiValueDef></apiValueDetail></apiValue><apiValue id="flare.system:Input3D:I"><apiName>I</apiName><shortdesc/><prolog/><apiValueDetail><apiValueDef><apiAccess value="public"/><apiStatic/><apiData>73</apiData><apiType value="uint"/></apiValueDef></apiValueDetail></apiValue><apiValue id="flare.system:Input3D:J"><apiName>J</apiName><shortdesc/><prolog/><apiValueDetail><apiValueDef><apiAccess value="public"/><apiStatic/><apiData>74</apiData><apiType value="uint"/></apiValueDef></apiValueDetail></apiValue><apiValue id="flare.system:Input3D:K"><apiName>K</apiName><shortdesc/><prolog/><apiValueDetail><apiValueDef><apiAccess value="public"/><apiStatic/><apiData>75</apiData><apiType value="uint"/></apiValueDef></apiValueDetail></apiValue><apiValue id="flare.system:Input3D:LEFTBRACKET"><apiName>LEFTBRACKET</apiName><shortdesc/><prolog/><apiValueDetail><apiValueDef><apiAccess value="public"/><apiStatic/><apiData>219</apiData><apiType value="uint"/></apiValueDef></apiValueDetail></apiValue><apiValue id="flare.system:Input3D:LEFT"><apiName>LEFT</apiName><shortdesc/><prolog/><apiValueDetail><apiValueDef><apiAccess value="public"/><apiStatic/><apiData>37</apiData><apiType value="uint"/></apiValueDef></apiValueDetail></apiValue><apiValue id="flare.system:Input3D:L"><apiName>L</apiName><shortdesc/><prolog/><apiValueDetail><apiValueDef><apiAccess value="public"/><apiStatic/><apiData>76</apiData><apiType value="uint"/></apiValueDef></apiValueDetail></apiValue><apiValue id="flare.system:Input3D:MINUS"><apiName>MINUS</apiName><shortdesc/><prolog/><apiValueDetail><apiValueDef><apiAccess value="public"/><apiStatic/><apiData>189</apiData><apiType value="uint"/></apiValueDef></apiValueDetail></apiValue><apiValue id="flare.system:Input3D:M"><apiName>M</apiName><shortdesc/><prolog/><apiValueDetail><apiValueDef><apiAccess value="public"/><apiStatic/><apiData>77</apiData><apiType value="uint"/></apiValueDef></apiValueDetail></apiValue><apiValue id="flare.system:Input3D:NUMBER_0"><apiName>NUMBER_0</apiName><shortdesc/><prolog/><apiValueDetail><apiValueDef><apiAccess value="public"/><apiStatic/><apiData>48</apiData><apiType value="uint"/></apiValueDef></apiValueDetail></apiValue><apiValue id="flare.system:Input3D:NUMBER_1"><apiName>NUMBER_1</apiName><shortdesc/><prolog/><apiValueDetail><apiValueDef><apiAccess value="public"/><apiStatic/><apiData>49</apiData><apiType value="uint"/></apiValueDef></apiValueDetail></apiValue><apiValue id="flare.system:Input3D:NUMBER_2"><apiName>NUMBER_2</apiName><shortdesc/><prolog/><apiValueDetail><apiValueDef><apiAccess value="public"/><apiStatic/><apiData>50</apiData><apiType value="uint"/></apiValueDef></apiValueDetail></apiValue><apiValue id="flare.system:Input3D:NUMBER_3"><apiName>NUMBER_3</apiName><shortdesc/><prolog/><apiValueDetail><apiValueDef><apiAccess value="public"/><apiStatic/><apiData>51</apiData><apiType value="uint"/></apiValueDef></apiValueDetail></apiValue><apiValue id="flare.system:Input3D:NUMBER_4"><apiName>NUMBER_4</apiName><shortdesc/><prolog/><apiValueDetail><apiValueDef><apiAccess value="public"/><apiStatic/><apiData>52</apiData><apiType value="uint"/></apiValueDef></apiValueDetail></apiValue><apiValue id="flare.system:Input3D:NUMBER_5"><apiName>NUMBER_5</apiName><shortdesc/><prolog/><apiValueDetail><apiValueDef><apiAccess value="public"/><apiStatic/><apiData>53</apiData><apiType value="uint"/></apiValueDef></apiValueDetail></apiValue><apiValue id="flare.system:Input3D:NUMBER_6"><apiName>NUMBER_6</apiName><shortdesc/><prolog/><apiValueDetail><apiValueDef><apiAccess value="public"/><apiStatic/><apiData>54</apiData><apiType value="uint"/></apiValueDef></apiValueDetail></apiValue><apiValue id="flare.system:Input3D:NUMBER_7"><apiName>NUMBER_7</apiName><shortdesc/><prolog/><apiValueDetail><apiValueDef><apiAccess value="public"/><apiStatic/><apiData>55</apiData><apiType value="uint"/></apiValueDef></apiValueDetail></apiValue><apiValue id="flare.system:Input3D:NUMBER_8"><apiName>NUMBER_8</apiName><shortdesc/><prolog/><apiValueDetail><apiValueDef><apiAccess value="public"/><apiStatic/><apiData>56</apiData><apiType value="uint"/></apiValueDef></apiValueDetail></apiValue><apiValue id="flare.system:Input3D:NUMBER_9"><apiName>NUMBER_9</apiName><shortdesc/><prolog/><apiValueDetail><apiValueDef><apiAccess value="public"/><apiStatic/><apiData>57</apiData><apiType value="uint"/></apiValueDef></apiValueDetail></apiValue><apiValue id="flare.system:Input3D:NUMPAD_0"><apiName>NUMPAD_0</apiName><shortdesc/><prolog/><apiValueDetail><apiValueDef><apiAccess value="public"/><apiStatic/><apiData>96</apiData><apiType value="uint"/></apiValueDef></apiValueDetail></apiValue><apiValue id="flare.system:Input3D:NUMPAD_1"><apiName>NUMPAD_1</apiName><shortdesc/><prolog/><apiValueDetail><apiValueDef><apiAccess value="public"/><apiStatic/><apiData>97</apiData><apiType value="uint"/></apiValueDef></apiValueDetail></apiValue><apiValue id="flare.system:Input3D:NUMPAD_2"><apiName>NUMPAD_2</apiName><shortdesc/><prolog/><apiValueDetail><apiValueDef><apiAccess value="public"/><apiStatic/><apiData>98</apiData><apiType value="uint"/></apiValueDef></apiValueDetail></apiValue><apiValue id="flare.system:Input3D:NUMPAD_3"><apiName>NUMPAD_3</apiName><shortdesc/><prolog/><apiValueDetail><apiValueDef><apiAccess value="public"/><apiStatic/><apiData>99</apiData><apiType value="uint"/></apiValueDef></apiValueDetail></apiValue><apiValue id="flare.system:Input3D:NUMPAD_4"><apiName>NUMPAD_4</apiName><shortdesc/><prolog/><apiValueDetail><apiValueDef><apiAccess value="public"/><apiStatic/><apiData>100</apiData><apiType value="uint"/></apiValueDef></apiValueDetail></apiValue><apiValue id="flare.system:Input3D:NUMPAD_5"><apiName>NUMPAD_5</apiName><shortdesc/><prolog/><apiValueDetail><apiValueDef><apiAccess value="public"/><apiStatic/><apiData>101</apiData><apiType value="uint"/></apiValueDef></apiValueDetail></apiValue><apiValue id="flare.system:Input3D:NUMPAD_6"><apiName>NUMPAD_6</apiName><shortdesc/><prolog/><apiValueDetail><apiValueDef><apiAccess value="public"/><apiStatic/><apiData>102</apiData><apiType value="uint"/></apiValueDef></apiValueDetail></apiValue><apiValue id="flare.system:Input3D:NUMPAD_7"><apiName>NUMPAD_7</apiName><shortdesc/><prolog/><apiValueDetail><apiValueDef><apiAccess value="public"/><apiStatic/><apiData>103</apiData><apiType value="uint"/></apiValueDef></apiValueDetail></apiValue><apiValue id="flare.system:Input3D:NUMPAD_8"><apiName>NUMPAD_8</apiName><shortdesc/><prolog/><apiValueDetail><apiValueDef><apiAccess value="public"/><apiStatic/><apiData>104</apiData><apiType value="uint"/></apiValueDef></apiValueDetail></apiValue><apiValue id="flare.system:Input3D:NUMPAD_9"><apiName>NUMPAD_9</apiName><shortdesc/><prolog/><apiValueDetail><apiValueDef><apiAccess value="public"/><apiStatic/><apiData>105</apiData><apiType value="uint"/></apiValueDef></apiValueDetail></apiValue><apiValue id="flare.system:Input3D:NUMPAD_ADD"><apiName>NUMPAD_ADD</apiName><shortdesc/><prolog/><apiValueDetail><apiValueDef><apiAccess value="public"/><apiStatic/><apiData>107</apiData><apiType value="uint"/></apiValueDef></apiValueDetail></apiValue><apiValue id="flare.system:Input3D:NUMPAD_DECIMAL"><apiName>NUMPAD_DECIMAL</apiName><shortdesc/><prolog/><apiValueDetail><apiValueDef><apiAccess value="public"/><apiStatic/><apiData>110</apiData><apiType value="uint"/></apiValueDef></apiValueDetail></apiValue><apiValue id="flare.system:Input3D:NUMPAD_DIVIDE"><apiName>NUMPAD_DIVIDE</apiName><shortdesc/><prolog/><apiValueDetail><apiValueDef><apiAccess value="public"/><apiStatic/><apiData>111</apiData><apiType value="uint"/></apiValueDef></apiValueDetail></apiValue><apiValue id="flare.system:Input3D:NUMPAD_ENTER"><apiName>NUMPAD_ENTER</apiName><shortdesc/><prolog/><apiValueDetail><apiValueDef><apiAccess value="public"/><apiStatic/><apiData>108</apiData><apiType value="uint"/></apiValueDef></apiValueDetail></apiValue><apiValue id="flare.system:Input3D:NUMPAD_MULTIPLY"><apiName>NUMPAD_MULTIPLY</apiName><shortdesc/><prolog/><apiValueDetail><apiValueDef><apiAccess value="public"/><apiStatic/><apiData>106</apiData><apiType value="uint"/></apiValueDef></apiValueDetail></apiValue><apiValue id="flare.system:Input3D:NUMPAD_SUBTRACT"><apiName>NUMPAD_SUBTRACT</apiName><shortdesc/><prolog/><apiValueDetail><apiValueDef><apiAccess value="public"/><apiStatic/><apiData>109</apiData><apiType value="uint"/></apiValueDef></apiValueDetail></apiValue><apiValue id="flare.system:Input3D:NUMPAD"><apiName>NUMPAD</apiName><shortdesc/><prolog/><apiValueDetail><apiValueDef><apiAccess value="public"/><apiStatic/><apiData>21</apiData><apiType value="uint"/></apiValueDef></apiValueDetail></apiValue><apiValue id="flare.system:Input3D:N"><apiName>N</apiName><shortdesc/><prolog/><apiValueDetail><apiValueDef><apiAccess value="public"/><apiStatic/><apiData>78</apiData><apiType value="uint"/></apiValueDef></apiValueDetail></apiValue><apiValue id="flare.system:Input3D:O"><apiName>O</apiName><shortdesc/><prolog/><apiValueDetail><apiValueDef><apiAccess value="public"/><apiStatic/><apiData>79</apiData><apiType value="uint"/></apiValueDef></apiValueDetail></apiValue><apiValue id="flare.system:Input3D:PAGE_DOWN"><apiName>PAGE_DOWN</apiName><shortdesc/><prolog/><apiValueDetail><apiValueDef><apiAccess value="public"/><apiStatic/><apiData>34</apiData><apiType value="uint"/></apiValueDef></apiValueDetail></apiValue><apiValue id="flare.system:Input3D:PAGE_UP"><apiName>PAGE_UP</apiName><shortdesc/><prolog/><apiValueDetail><apiValueDef><apiAccess value="public"/><apiStatic/><apiData>33</apiData><apiType value="uint"/></apiValueDef></apiValueDetail></apiValue><apiValue id="flare.system:Input3D:PERIOD"><apiName>PERIOD</apiName><shortdesc/><prolog/><apiValueDetail><apiValueDef><apiAccess value="public"/><apiStatic/><apiData>190</apiData><apiType value="uint"/></apiValueDef></apiValueDetail></apiValue><apiValue id="flare.system:Input3D:P"><apiName>P</apiName><shortdesc/><prolog/><apiValueDetail><apiValueDef><apiAccess value="public"/><apiStatic/><apiData>80</apiData><apiType value="uint"/></apiValueDef></apiValueDetail></apiValue><apiValue id="flare.system:Input3D:QUOTE"><apiName>QUOTE</apiName><shortdesc/><prolog/><apiValueDetail><apiValueDef><apiAccess value="public"/><apiStatic/><apiData>222</apiData><apiType value="uint"/></apiValueDef></apiValueDetail></apiValue><apiValue id="flare.system:Input3D:Q"><apiName>Q</apiName><shortdesc/><prolog/><apiValueDetail><apiValueDef><apiAccess value="public"/><apiStatic/><apiData>81</apiData><apiType value="uint"/></apiValueDef></apiValueDetail></apiValue><apiValue id="flare.system:Input3D:RIGHTBRACKET"><apiName>RIGHTBRACKET</apiName><shortdesc/><prolog/><apiValueDetail><apiValueDef><apiAccess value="public"/><apiStatic/><apiData>221</apiData><apiType value="uint"/></apiValueDef></apiValueDetail></apiValue><apiValue id="flare.system:Input3D:RIGHT"><apiName>RIGHT</apiName><shortdesc/><prolog/><apiValueDetail><apiValueDef><apiAccess value="public"/><apiStatic/><apiData>39</apiData><apiType value="uint"/></apiValueDef></apiValueDetail></apiValue><apiValue id="flare.system:Input3D:R"><apiName>R</apiName><shortdesc/><prolog/><apiValueDetail><apiValueDef><apiAccess value="public"/><apiStatic/><apiData>82</apiData><apiType value="uint"/></apiValueDef></apiValueDetail></apiValue><apiValue id="flare.system:Input3D:SEMICOLON"><apiName>SEMICOLON</apiName><shortdesc/><prolog/><apiValueDetail><apiValueDef><apiAccess value="public"/><apiStatic/><apiData>186</apiData><apiType value="uint"/></apiValueDef></apiValueDetail></apiValue><apiValue id="flare.system:Input3D:SHIFT"><apiName>SHIFT</apiName><shortdesc/><prolog/><apiValueDetail><apiValueDef><apiAccess value="public"/><apiStatic/><apiData>16</apiData><apiType value="uint"/></apiValueDef></apiValueDetail></apiValue><apiValue id="flare.system:Input3D:SLASH"><apiName>SLASH</apiName><shortdesc/><prolog/><apiValueDetail><apiValueDef><apiAccess value="public"/><apiStatic/><apiData>191</apiData><apiType value="uint"/></apiValueDef></apiValueDetail></apiValue><apiValue id="flare.system:Input3D:SPACE"><apiName>SPACE</apiName><shortdesc/><prolog/><apiValueDetail><apiValueDef><apiAccess value="public"/><apiStatic/><apiData>32</apiData><apiType value="uint"/></apiValueDef></apiValueDetail></apiValue><apiValue id="flare.system:Input3D:S"><apiName>S</apiName><shortdesc/><prolog/><apiValueDetail><apiValueDef><apiAccess value="public"/><apiStatic/><apiData>83</apiData><apiType value="uint"/></apiValueDef></apiValueDetail></apiValue><apiValue id="flare.system:Input3D:TAB"><apiName>TAB</apiName><shortdesc/><prolog/><apiValueDetail><apiValueDef><apiAccess value="public"/><apiStatic/><apiData>9</apiData><apiType value="uint"/></apiValueDef></apiValueDetail></apiValue><apiValue id="flare.system:Input3D:T"><apiName>T</apiName><shortdesc/><prolog/><apiValueDetail><apiValueDef><apiAccess value="public"/><apiStatic/><apiData>84</apiData><apiType value="uint"/></apiValueDef></apiValueDetail></apiValue><apiValue id="flare.system:Input3D:UP"><apiName>UP</apiName><shortdesc/><prolog/><apiValueDetail><apiValueDef><apiAccess value="public"/><apiStatic/><apiData>38</apiData><apiType value="uint"/></apiValueDef></apiValueDetail></apiValue><apiValue id="flare.system:Input3D:U"><apiName>U</apiName><shortdesc/><prolog/><apiValueDetail><apiValueDef><apiAccess value="public"/><apiStatic/><apiData>85</apiData><apiType value="uint"/></apiValueDef></apiValueDetail></apiValue><apiValue id="flare.system:Input3D:V"><apiName>V</apiName><shortdesc/><prolog/><apiValueDetail><apiValueDef><apiAccess value="public"/><apiStatic/><apiData>86</apiData><apiType value="uint"/></apiValueDef></apiValueDetail></apiValue><apiValue id="flare.system:Input3D:W"><apiName>W</apiName><shortdesc/><prolog/><apiValueDetail><apiValueDef><apiAccess value="public"/><apiStatic/><apiData>87</apiData><apiType value="uint"/></apiValueDef></apiValueDetail></apiValue><apiValue id="flare.system:Input3D:X"><apiName>X</apiName><shortdesc/><prolog/><apiValueDetail><apiValueDef><apiAccess value="public"/><apiStatic/><apiData>88</apiData><apiType value="uint"/></apiValueDef></apiValueDetail></apiValue><apiValue id="flare.system:Input3D:Y"><apiName>Y</apiName><shortdesc/><prolog/><apiValueDetail><apiValueDef><apiAccess value="public"/><apiStatic/><apiData>89</apiData><apiType value="uint"/></apiValueDef></apiValueDetail></apiValue><apiValue id="flare.system:Input3D:Z"><apiName>Z</apiName><shortdesc/><prolog/><apiValueDetail><apiValueDef><apiAccess value="public"/><apiStatic/><apiData>90</apiData><apiType value="uint"/></apiValueDef></apiValueDetail></apiValue><apiValue id="flare.system:Input3D:enableEventPhase"><apiName>enableEventPhase</apiName><shortdesc/><prolog/><apiValueDetail><apiValueDef><apiProperty/><apiAccess value="public"/><apiStatic/><apiData>true</apiData><apiType value="Boolean"/></apiValueDef></apiValueDetail></apiValue><apiValue id="flare.system:Input3D:eventPhase"><apiName>eventPhase</apiName><shortdesc/><prolog/><apiValueDetail><apiValueDef><apiProperty/><apiAccess value="public"/><apiStatic/><apiType value="uint"/></apiValueDef></apiValueDetail></apiValue><apiValue id="flare.system:Input3D:delta:get"><apiName>delta</apiName><shortdesc>
		 Returns a count of the number of detents the mouse wheel has rotated.</shortdesc><prolog/><apiValueDetail><apiValueDef><apiProperty/><apiAccess value="public"/><apiStatic/><apiValueAccess value="readwrite"/><apiType value="int"/></apiValueDef><apiDesc>
		 Returns a count of the number of detents the mouse wheel has rotated.
		 </apiDesc></apiValueDetail></apiValue><apiValue id="flare.system:Input3D:doubleClickEnabled:get"><apiName>doubleClickEnabled</apiName><shortdesc>
		 Returns or sets whether the double-click detection mode is enabled.</shortdesc><prolog/><apiValueDetail><apiValueDef><apiProperty/><apiAccess value="public"/><apiStatic/><apiValueAccess value="readwrite"/><apiType value="Boolean"/></apiValueDef><apiDesc>
		 Returns or sets whether the double-click detection mode is enabled. The default value is 'false'.
		 </apiDesc></apiValueDetail></apiValue><apiValue id="flare.system:Input3D:downs:get"><apiName>downs</apiName><shortdesc/><prolog/><apiValueDetail><apiValueDef><apiProperty/><apiAccess value="public"/><apiStatic/><apiValueAccess value="read"/><apiType value="Array"/></apiValueDef></apiValueDetail></apiValue><apiValue id="flare.system:Input3D:hits:get"><apiName>hits</apiName><shortdesc/><prolog/><apiValueDetail><apiValueDef><apiProperty/><apiAccess value="public"/><apiStatic/><apiValueAccess value="read"/><apiType value="Array"/></apiValueDef></apiValueDetail></apiValue><apiValue id="flare.system:Input3D:keyCode:get"><apiName>keyCode</apiName><shortdesc>
		 Returns the key code of the last pressed key.</shortdesc><prolog/><apiValueDetail><apiValueDef><apiProperty/><apiAccess value="public"/><apiStatic/><apiValueAccess value="read"/><apiType value="int"/></apiValueDef><apiDesc>
		 Returns the key code of the last pressed key.
		 </apiDesc></apiValueDetail></apiValue><apiValue id="flare.system:Input3D:middleMouseDown:get"><apiName>middleMouseDown</apiName><shortdesc>
		 Returns a number greater than zero if the mouse button is pressed.</shortdesc><prolog/><apiValueDetail><apiValueDef><apiProperty/><apiAccess value="public"/><apiStatic/><apiValueAccess value="read"/><apiType value="int"/></apiValueDef><apiDesc>
		 Returns a number greater than zero if the mouse button is pressed.
		 </apiDesc></apiValueDetail></apiValue><apiValue id="flare.system:Input3D:middleMouseHit:get"><apiName>middleMouseHit</apiName><shortdesc>
		 Returns a number greater than zero if the mouse button has been pressed.</shortdesc><prolog/><apiValueDetail><apiValueDef><apiProperty/><apiAccess value="public"/><apiStatic/><apiValueAccess value="read"/><apiType value="int"/></apiValueDef><apiDesc>
		 Returns a number greater than zero if the mouse button has been pressed.
		 </apiDesc></apiValueDetail></apiValue><apiValue id="flare.system:Input3D:middleMouseUp:get"><apiName>middleMouseUp</apiName><shortdesc>
		 Returns a number greater than zero when the mouse button is released after clicking.</shortdesc><prolog/><apiValueDetail><apiValueDef><apiProperty/><apiAccess value="public"/><apiStatic/><apiValueAccess value="read"/><apiType value="int"/></apiValueDef><apiDesc>
		 Returns a number greater than zero when the mouse button is released after clicking.
		 </apiDesc></apiValueDetail></apiValue><apiValue id="flare.system:Input3D:mouseDobleClick:get"><apiName>mouseDobleClick</apiName><shortdesc>
		 Returns a number greater than zero if the mouse button has been double clicked.</shortdesc><prolog/><apiValueDetail><apiValueDef><apiProperty/><apiAccess value="public"/><apiStatic/><apiValueAccess value="read"/><apiType value="int"/></apiValueDef><apiDesc>
		 Returns a number greater than zero if the mouse button has been double clicked.
		 </apiDesc></apiValueDetail></apiValue><apiValue id="flare.system:Input3D:mouseDown:get"><apiName>mouseDown</apiName><shortdesc>
		 Returns a number greater than zero if the mouse button is pressed.</shortdesc><prolog/><apiValueDetail><apiValueDef><apiProperty/><apiAccess value="public"/><apiStatic/><apiValueAccess value="read"/><apiType value="int"/></apiValueDef><apiDesc>
		 Returns a number greater than zero if the mouse button is pressed.
		 </apiDesc></apiValueDetail></apiValue><apiValue id="flare.system:Input3D:mouseHit:get"><apiName>mouseHit</apiName><shortdesc>
		 Returns a number greater than zero if the mouse button has been pressed.</shortdesc><prolog/><apiValueDetail><apiValueDef><apiProperty/><apiAccess value="public"/><apiStatic/><apiValueAccess value="read"/><apiType value="int"/></apiValueDef><apiDesc>
		 Returns a number greater than zero if the mouse button has been pressed.
		 </apiDesc></apiValueDetail></apiValue><apiValue id="flare.system:Input3D:mouseMoved:get"><apiName>mouseMoved</apiName><shortdesc>
		 Returns whatever the mouse was moved.</shortdesc><prolog/><apiValueDetail><apiValueDef><apiProperty/><apiAccess value="public"/><apiStatic/><apiValueAccess value="read"/><apiType value="Number"/></apiValueDef><apiDesc>
		 Returns whatever the mouse was moved.
		 </apiDesc></apiValueDetail></apiValue><apiValue id="flare.system:Input3D:mouseUp:get"><apiName>mouseUp</apiName><shortdesc>
		 Returns a number greater than zero when the mouse button is released after clicking.</shortdesc><prolog/><apiValueDetail><apiValueDef><apiProperty/><apiAccess value="public"/><apiStatic/><apiValueAccess value="read"/><apiType value="int"/></apiValueDef><apiDesc>
		 Returns a number greater than zero when the mouse button is released after clicking.
		 </apiDesc></apiValueDetail></apiValue><apiValue id="flare.system:Input3D:mouseXSpeed:get"><apiName>mouseXSpeed</apiName><shortdesc>
		 Returns the displacement of the mouse on the X axis starting from the position of the last frame.</shortdesc><prolog/><apiValueDetail><apiValueDef><apiProperty/><apiAccess value="public"/><apiStatic/><apiValueAccess value="read"/><apiType value="Number"/></apiValueDef><apiDesc>
		 Returns the displacement of the mouse on the X axis starting from the position of the last frame.
		 </apiDesc></apiValueDetail></apiValue><apiValue id="flare.system:Input3D:mouseX:get"><apiName>mouseX</apiName><shortdesc>
		 Returns the position of the mouse on the X axis.</shortdesc><prolog/><apiValueDetail><apiValueDef><apiProperty/><apiAccess value="public"/><apiStatic/><apiValueAccess value="readwrite"/><apiType value="Number"/></apiValueDef><apiDesc>
		 Returns the position of the mouse on the X axis.
		 </apiDesc></apiValueDetail></apiValue><apiValue id="flare.system:Input3D:mouseYSpeed:get"><apiName>mouseYSpeed</apiName><shortdesc>
		 Returns the displacement of the mouse on the Y axis starting from the position of the last frame.</shortdesc><prolog/><apiValueDetail><apiValueDef><apiProperty/><apiAccess value="public"/><apiStatic/><apiValueAccess value="read"/><apiType value="Number"/></apiValueDef><apiDesc>
		 Returns the displacement of the mouse on the Y axis starting from the position of the last frame.
		 </apiDesc></apiValueDetail></apiValue><apiValue id="flare.system:Input3D:mouseY:get"><apiName>mouseY</apiName><shortdesc>
		 Returns the position of the mouse on the Y axis.</shortdesc><prolog/><apiValueDetail><apiValueDef><apiProperty/><apiAccess value="public"/><apiStatic/><apiValueAccess value="readwrite"/><apiType value="Number"/></apiValueDef><apiDesc>
		 Returns the position of the mouse on the Y axis.
		 </apiDesc></apiValueDetail></apiValue><apiValue id="flare.system:Input3D:rightClickEnabled:get"><apiName>rightClickEnabled</apiName><shortdesc>
		 Returns or sets whether the right-click detection mode is enabled.</shortdesc><prolog/><apiValueDetail><apiValueDef><apiProperty/><apiAccess value="public"/><apiStatic/><apiValueAccess value="readwrite"/><apiType value="Boolean"/></apiValueDef><apiDesc>
		 Returns or sets whether the right-click detection mode is enabled. The default value is 'false'.
		 </apiDesc></apiValueDetail></apiValue><apiValue id="flare.system:Input3D:rightMouseDown:get"><apiName>rightMouseDown</apiName><shortdesc>
		 Returns a number greater than zero if the mouse button is pressed.</shortdesc><prolog/><apiValueDetail><apiValueDef><apiProperty/><apiAccess value="public"/><apiStatic/><apiValueAccess value="read"/><apiType value="int"/></apiValueDef><apiDesc>
		 Returns a number greater than zero if the mouse button is pressed.
		 </apiDesc></apiValueDetail></apiValue><apiValue id="flare.system:Input3D:rightMouseHit:get"><apiName>rightMouseHit</apiName><shortdesc>
		 Returns a number greater than zero if the mouse button has been pressed.</shortdesc><prolog/><apiValueDetail><apiValueDef><apiProperty/><apiAccess value="public"/><apiStatic/><apiValueAccess value="read"/><apiType value="int"/></apiValueDef><apiDesc>
		 Returns a number greater than zero if the mouse button has been pressed.
		 </apiDesc></apiValueDetail></apiValue><apiValue id="flare.system:Input3D:rightMouseUp:get"><apiName>rightMouseUp</apiName><shortdesc>
		 Returns a number greater than zero when the mouse button is released after clicking.</shortdesc><prolog/><apiValueDetail><apiValueDef><apiProperty/><apiAccess value="public"/><apiStatic/><apiValueAccess value="read"/><apiType value="int"/></apiValueDef><apiDesc>
		 Returns a number greater than zero when the mouse button is released after clicking.
		 </apiDesc></apiValueDetail></apiValue></apiClassifier><apiClassifier id="flare.system:Library3D"><apiName>Library3D</apiName><shortdesc>
	 The Library3D class loads and manages the resources used by 3d objects.</shortdesc><prolog><author>Ariel Nehmad
	 </author><asMetadata/></prolog><apiClassifierDetail><apiClassifierDef><apiAccess value="public"/><apiStatic/><apiBaseInterface>flare.system:ILibraryExternalItem</apiBaseInterface><apiBaseClassifier>flash.events:EventDispatcher</apiBaseClassifier></apiClassifierDef><apiDesc>
	 The Library3D class loads and manages the resources used by 3d objects.
	 </apiDesc></apiClassifierDetail><adobeApiEvent id="flare.system:Library3D_flash.events.IOErrorEvent.IO_ERROR_ioError"><apiName>ioError</apiName><shortdesc>
	 Dispatched if a call to load() results in a fatal error that terminates the download.</shortdesc><prolog/><adobeApiEventDetail><adobeApiEventDef><apiEventType>flash.events.IOErrorEvent.IO_ERROR</apiEventType><adobeApiEventClassifier>flash.events.IOErrorEvent</adobeApiEventClassifier><apiGeneratedEvent/></adobeApiEventDef><apiDesc>
	 Dispatched if a call to load() results in a fatal error that terminates the download.
	 </apiDesc></adobeApiEventDetail></adobeApiEvent><adobeApiEvent id="flare.system:Library3D_flash.events.Event_progress"><apiName>progress</apiName><shortdesc>
	 This event occurs whenever the loading progress of the elements of a library is modified.</shortdesc><prolog/><adobeApiEventDetail><adobeApiEventDef><apiEventType>flash.events.Event</apiEventType><adobeApiEventClassifier>flash.events.ProgressEvent</adobeApiEventClassifier><apiGeneratedEvent/></adobeApiEventDef><apiDesc>
	 This event occurs whenever the loading progress of the elements of a library is modified.                 
	 </apiDesc></adobeApiEventDetail></adobeApiEvent><adobeApiEvent id="flare.system:Library3D_flash.events.Event_complete"><apiName>complete</apiName><shortdesc>
	 This event occurs once the loading process of all the library elements has been completed.</shortdesc><prolog/><adobeApiEventDetail><adobeApiEventDef><apiEventType>flash.events.Event</apiEventType><adobeApiEventClassifier>flash.events.Event</adobeApiEventClassifier><apiGeneratedEvent/></adobeApiEventDef><apiDesc>
	 This event occurs once the loading process of all the library elements has been completed.               
	 </apiDesc></adobeApiEventDetail></adobeApiEvent><adobeApiEvent id="flare.system:Library3D_flash.events.Event_updated"><apiName>updated</apiName><shortdesc>
	 This event occurs when the library has been updated.</shortdesc><prolog/><adobeApiEventDetail><adobeApiEventDef><apiEventType>flash.events.Event</apiEventType><adobeApiEventClassifier>flash.events.Event</adobeApiEventClassifier><apiGeneratedEvent/></adobeApiEventDef><apiDesc>
	 This event occurs when the library has been updated.
	 </apiDesc></adobeApiEventDetail></adobeApiEvent><apiConstructor id="flare.system:Library3D:Library3D"><apiName>Library3D</apiName><shortdesc>
		 Creates a new library object.</shortdesc><prolog/><apiConstructorDetail><apiConstructorDef><apiAccess value="public"/><apiParam><apiItemName>connections</apiItemName><apiType value="int"/><apiData>10</apiData><apiDesc>The number of connections used for download at the same time.
		 </apiDesc></apiParam><apiParam><apiItemName>autoStart</apiItemName><apiType value="Boolean"/><apiData>true</apiData><apiDesc>Define if the library starts automatically to download the files when the first file is added.
		 </apiDesc></apiParam><apiParam><apiItemName>allowEventsAfterComplete</apiItemName><apiType value="Boolean"/><apiData>true</apiData><apiDesc>Allow to fire events (progress and complete) after the first complete events. It can be used to load multiple packages.
		 </apiDesc></apiParam></apiConstructorDef><apiDesc>
		 Creates a new library object.
		 </apiDesc></apiConstructorDetail></apiConstructor><apiOperation id="flare.system:Library3D:addItem"><apiName>addItem</apiName><shortdesc>
		 Adds a new item to the library.</shortdesc><prolog/><apiOperationDetail><apiOperationDef><apiAccess value="public"/><apiReturn><apiOperationClassifier>flare.system:ILibraryItem</apiOperationClassifier></apiReturn><apiParam><apiItemName>key</apiItemName><apiType value="any"/><apiDesc>Path or key to associate the item.
		 </apiDesc></apiParam><apiParam><apiItemName>item</apiItemName><apiOperationClassifier>flare.system:ILibraryItem</apiOperationClassifier><apiDesc>The item instance.
		 </apiDesc></apiParam></apiOperationDef><apiDesc>
		 Adds a new item to the library. This method asociates the item instance to a key-path to be used with the getItem() method.
		 Also adds the item to a collecion of items.
		 </apiDesc></apiOperationDetail><related-links><link href="flare.system.xml#Library3D/getItem()"><linktext>getItem()</linktext></link><link href="flare.system.xml#Library3D/items"><linktext>items</linktext></link></related-links></apiOperation><apiOperation id="flare.system:Library3D:close"><apiName>close</apiName><shortdesc>
		 Closes all connections.</shortdesc><prolog/><apiOperationDetail><apiOperationDef><apiAccess value="public"/><apiReturn><apiType value="void"/></apiReturn></apiOperationDef><apiDesc>
		 Closes all connections.
		 </apiDesc></apiOperationDetail></apiOperation><apiOperation id="flare.system:Library3D:dispose"><apiName>dispose</apiName><shortdesc>
		 Eliminates cached resources.</shortdesc><prolog/><apiOperationDetail><apiOperationDef><apiAccess value="public"/><apiReturn><apiType value="void"/></apiReturn></apiOperationDef><apiDesc>
		 Eliminates cached resources.
		 </apiDesc></apiOperationDetail></apiOperation><apiOperation id="flare.system:Library3D:getItem"><apiName>getItem</apiName><shortdesc>
		 Returns an item instance previosuly associated to a path.</shortdesc><prolog/><apiOperationDetail><apiOperationDef><apiAccess value="public"/><apiReturn><apiDesc>The item corresponding to the path, null othwrwise.
		 </apiDesc><apiOperationClassifier>flare.system:ILibraryItem</apiOperationClassifier></apiReturn><apiParam><apiItemName>key</apiItemName><apiType value="any"/><apiDesc>Path of the item instance.
		 </apiDesc></apiParam></apiOperationDef><apiDesc>
		 Returns an item instance previosuly associated to a path.
		 </apiDesc></apiOperationDetail><related-links><link href="flare.system.xml#Library3D/addItem()"><linktext>addItem()</linktext></link><link href="flare.system.xml#Library3D/items"><linktext>items</linktext></link></related-links></apiOperation><apiOperation id="flare.system:Library3D:load"><apiName>load</apiName><shortdesc>
		 Start downloading.</shortdesc><prolog/><apiOperationDetail><apiOperationDef><apiAccess value="public"/><apiReturn><apiType value="void"/></apiReturn></apiOperationDef><apiDesc>
		 Start downloading.
		 If autoStart propery was seted to true in the constructor, this method will be automatically called when loads the first file.
		 </apiDesc></apiOperationDetail></apiOperation><apiOperation id="flare.system:Library3D:push"><apiName>push</apiName><shortdesc>
		 Loads a new item object.</shortdesc><prolog/><apiOperationDetail><apiOperationDef><apiAccess value="public"/><apiReturn><apiDesc>true if was sucesful, false otherwise.
		 </apiDesc><apiOperationClassifier>flare.system:ILibraryExternalItem</apiOperationClassifier></apiReturn><apiParam><apiItemName>item</apiItemName><apiOperationClassifier>flare.system:ILibraryExternalItem</apiOperationClassifier></apiParam></apiOperationDef><apiDesc>
		 Loads a new item object. If the item can not be loaded inmediately (depending of the amount of available connections), it will be added to a queue to be load when connections are available.
		 </apiDesc></apiOperationDetail></apiOperation><apiOperation id="flare.system:Library3D:reset"><apiName>reset</apiName><shortdesc>
		 Removes all items and clean all references.</shortdesc><prolog/><apiOperationDetail><apiOperationDef><apiAccess value="public"/><apiReturn><apiType value="void"/></apiReturn></apiOperationDef><apiDesc>
		 Removes all items and clean all references.
		 </apiDesc></apiOperationDetail></apiOperation><apiValue id="flare.system:Library3D:allowEventsAfterComplete:set"><apiName>allowEventsAfterComplete</apiName><shortdesc>
		 Allow to fire events (progress and complete) after the first complete event were dispatched.</shortdesc><prolog/><apiValueDetail><apiValueDef><apiProperty/><apiAccess value="public"/><apiDynamic/><apiValueAccess value="readwrite"/><apiType value="Boolean"/></apiValueDef><apiDesc>
		 Allow to fire events (progress and complete) after the first complete event were dispatched. It can be used to load multiple packages.
		 </apiDesc></apiValueDetail></apiValue><apiValue id="flare.system:Library3D:bytesLoaded:get"><apiName>bytesLoaded</apiName><shortdesc>
		 Returns the amount of bytes loaded.</shortdesc><prolog/><apiValueDetail><apiValueDef><apiProperty/><apiAccess value="public"/><apiDynamic/><apiValueAccess value="read"/><apiType value="uint"/></apiValueDef><apiDesc>
		 Returns the amount of bytes loaded.
		 </apiDesc></apiValueDetail></apiValue><apiValue id="flare.system:Library3D:bytesTotal:get"><apiName>bytesTotal</apiName><shortdesc>
		 Returns the amount of bytes that will be loaded.</shortdesc><prolog/><apiValueDetail><apiValueDef><apiProperty/><apiAccess value="public"/><apiDynamic/><apiValueAccess value="read"/><apiType value="uint"/></apiValueDef><apiDesc>
		 Returns the amount of bytes that will be loaded.
		 </apiDesc></apiValueDetail></apiValue><apiValue id="flare.system:Library3D:itemsToLoad:get"><apiName>itemsToLoad</apiName><shortdesc>
		 Returns a copy of the stored items to be loaded.</shortdesc><prolog/><apiValueDetail><apiValueDef><apiProperty/><apiAccess value="public"/><apiDynamic/><apiValueAccess value="read"/><apiType value="Vector$flare.system:ILibraryExternalItem"/></apiValueDef><apiDesc>
		 Returns a copy of the stored items to be loaded.
		 </apiDesc></apiValueDetail></apiValue><apiValue id="flare.system:Library3D:items:get"><apiName>items</apiName><shortdesc>
		 Returns a copy of the stored items.</shortdesc><prolog/><apiValueDetail><apiValueDef><apiProperty/><apiAccess value="public"/><apiDynamic/><apiValueAccess value="read"/><apiType value="Vector$flare.system:ILibraryItem"/></apiValueDef><apiDesc>
		 Returns a copy of the stored items.
		 </apiDesc></apiValueDetail></apiValue><apiValue id="flare.system:Library3D:loaded:get"><apiName>loaded</apiName><shortdesc/><prolog/><apiValueDetail><apiValueDef><apiProperty/><apiAccess value="public"/><apiDynamic/><apiValueAccess value="read"/><apiType value="Boolean"/></apiValueDef></apiValueDetail></apiValue><apiValue id="flare.system:Library3D:progress:get"><apiName>progress</apiName><shortdesc>
		 Returns the global progress of all the resources being currently loaded.</shortdesc><prolog/><apiValueDetail><apiValueDef><apiProperty/><apiAccess value="public"/><apiDynamic/><apiValueAccess value="read"/><apiType value="Number"/></apiValueDef><apiDesc>
		 Returns the global progress of all the resources being currently loaded.
		 Once the 'complete' event has been received, it will be set back to zero and a new progress stage will begin if new resources are loaded only if allowEventsAfterComplete is seted to true in the class constructor,
		 </apiDesc></apiValueDetail></apiValue></apiClassifier></apiPackage>