<?xml version="1.0" encoding="UTF-8"?><apiPackage id="flare.utils"><apiName>flare.utils</apiName><apiDetail/><apiClassifier id="flare.utils:Surface3DUtils"><apiName>Surface3DUtils</apiName><shortdesc>
	 The Surface3DUtils class contains help tools to work with Surface3D-type objects.</shortdesc><prolog><author>Ariel Nehmad
	 </author><asMetadata/></prolog><apiClassifierDetail><apiClassifierDef><apiAccess value="public"/><apiStatic/><apiBaseClassifier>Object</apiBaseClassifier></apiClassifierDef><apiDesc>
	 The Surface3DUtils class contains help tools to work with Surface3D-type objects.
	 
	 </apiDesc></apiClassifierDetail><apiOperation id="flare.utils:Surface3DUtils:buildPolys"><apiName>buildPolys</apiName><shortdesc/><prolog/><apiOperationDetail><apiOperationDef><apiAccess value="public"/><apiStatic/><apiReturn><apiType value="Vector$flare.core:Poly3D"/></apiReturn><apiParam><apiItemName>surface</apiItemName><apiOperationClassifier>flare.core:Surface3D</apiOperationClassifier></apiParam><apiParam><apiItemName>force</apiItemName><apiType value="Boolean"/><apiData>false</apiData></apiParam></apiOperationDef></apiOperationDetail></apiOperation><apiOperation id="flare.utils:Surface3DUtils:buildTangentsAndBitangents"><apiName>buildTangentsAndBitangents</apiName><shortdesc/><prolog/><apiOperationDetail><apiOperationDef><apiAccess value="public"/><apiStatic/><apiReturn><apiType value="void"/></apiReturn><apiParam><apiItemName>surface</apiItemName><apiOperationClassifier>flare.core:Surface3D</apiOperationClassifier></apiParam></apiOperationDef></apiOperationDetail></apiOperation><apiOperation id="flare.utils:Surface3DUtils:compress"><apiName>compress</apiName><shortdesc/><prolog/><apiOperationDetail><apiOperationDef><apiAccess value="public"/><apiStatic/><apiReturn><apiType value="void"/></apiReturn><apiParam><apiItemName>surf</apiItemName><apiOperationClassifier>flare.core:Surface3D</apiOperationClassifier></apiParam><apiParam><apiItemName>vertex</apiItemName><apiType value="Vector$Number"/><apiData>null</apiData></apiParam><apiParam><apiItemName>indices</apiItemName><apiType value="Vector$uint"/><apiData>null</apiData></apiParam></apiOperationDef></apiOperationDetail></apiOperation><apiOperation id="flare.utils:Surface3DUtils:concat"><apiName>concat</apiName><shortdesc/><prolog/><apiOperationDetail><apiOperationDef><apiAccess value="public"/><apiStatic/><apiReturn><apiType value="void"/></apiReturn><apiParam><apiItemName>source</apiItemName><apiOperationClassifier>flare.core:Surface3D</apiOperationClassifier></apiParam><apiParam><apiItemName>dest</apiItemName><apiOperationClassifier>flare.core:Surface3D</apiOperationClassifier></apiParam></apiOperationDef></apiOperationDetail></apiOperation><apiOperation id="flare.utils:Surface3DUtils:flipNormals"><apiName>flipNormals</apiName><shortdesc/><prolog/><apiOperationDetail><apiOperationDef><apiAccess value="public"/><apiStatic/><apiReturn><apiType value="void"/></apiReturn><apiParam><apiItemName>surface</apiItemName><apiOperationClassifier>flare.core:Surface3D</apiOperationClassifier></apiParam></apiOperationDef></apiOperationDetail></apiOperation><apiOperation id="flare.utils:Surface3DUtils:transform"><apiName>transform</apiName><shortdesc/><prolog/><apiOperationDetail><apiOperationDef><apiAccess value="public"/><apiStatic/><apiReturn><apiType value="void"/></apiReturn><apiParam><apiItemName>surface</apiItemName><apiOperationClassifier>flare.core:Surface3D</apiOperationClassifier></apiParam><apiParam><apiItemName>matrix</apiItemName><apiType value="flash.geom:Matrix3D"/></apiParam><apiParam><apiItemName>firstIndex</apiItemName><apiType value="int"/><apiData>-1</apiData></apiParam><apiParam><apiItemName>numTriangles</apiItemName><apiType value="int"/><apiData>-1</apiData></apiParam></apiOperationDef></apiOperationDetail></apiOperation></apiClassifier><apiClassifier id="flare.utils:Pivot3DUtils"><apiName>Pivot3DUtils</apiName><shortdesc>
	 The Pivot3DUtils class contains help tools to work with Pivot3D-type objects.</shortdesc><prolog><author>Ariel Nehmad
	 </author><asMetadata/></prolog><apiClassifierDetail><apiClassifierDef><apiAccess value="public"/><apiStatic/><apiBaseClassifier>Object</apiBaseClassifier></apiClassifierDef><apiDesc>
	 The Pivot3DUtils class contains help tools to work with Pivot3D-type objects.
	 </apiDesc></apiClassifierDetail><apiOperation id="flare.utils:Pivot3DUtils:appendAnimation"><apiName>appendAnimation</apiName><shortdesc>
		 Add animation frames and labels to source pivot from another pivot, including children.</shortdesc><prolog/><apiOperationDetail><apiOperationDef><apiAccess value="public"/><apiStatic/><apiReturn><apiType value="void"/></apiReturn><apiParam><apiItemName>dest</apiItemName><apiOperationClassifier>flare.core:Pivot3D</apiOperationClassifier><apiDesc>Pivot who want to append the animations.
		 </apiDesc></apiParam><apiParam><apiItemName>animation</apiItemName><apiOperationClassifier>flare.core:Pivot3D</apiOperationClassifier><apiDesc>The pivot that contains the animations to add to dest pivot.
		 </apiDesc></apiParam><apiParam><apiItemName>label</apiItemName><apiType value="String"/><apiData>null</apiData><apiDesc>Optionally, you can set a new label name to define the appened animation.
		 </apiDesc></apiParam><apiParam><apiItemName>includeMaterials</apiItemName><apiType value="Boolean"/><apiData>false</apiData><apiDesc>If materials has animated parameters, they will be append.
		 </apiDesc></apiParam></apiOperationDef><apiDesc>
		 Add animation frames and labels to source pivot from another pivot, including children.
		 <p>The pivot names and hierarchy must be the same.</p>
		 </apiDesc></apiOperationDetail></apiOperation><apiOperation id="flare.utils:Pivot3DUtils:getBounds"><apiName>getBounds</apiName><shortdesc/><prolog/><apiOperationDetail><apiOperationDef><apiAccess value="public"/><apiStatic/><apiReturn><apiOperationClassifier>flare.core:Boundings3D</apiOperationClassifier></apiReturn><apiParam><apiItemName>pivot</apiItemName><apiOperationClassifier>flare.core:Pivot3D</apiOperationClassifier></apiParam><apiParam><apiItemName>out</apiItemName><apiOperationClassifier>flare.core:Boundings3D</apiOperationClassifier><apiData>null</apiData></apiParam><apiParam><apiItemName>relativeTo</apiItemName><apiOperationClassifier>flare.core:Pivot3D</apiOperationClassifier><apiData>null</apiData></apiParam><apiParam><apiItemName>includeChildren</apiItemName><apiType value="Boolean"/><apiData>true</apiData></apiParam></apiOperationDef></apiOperationDetail></apiOperation><apiOperation id="flare.utils:Pivot3DUtils:getDistance"><apiName>getDistance</apiName><shortdesc>
		 Returns the distance between two objects.</shortdesc><prolog/><apiOperationDetail><apiOperationDef><apiAccess value="public"/><apiStatic/><apiReturn><apiDesc>Distance between the two objects.
		 </apiDesc><apiType value="Number"/></apiReturn><apiParam><apiItemName>pivot1</apiItemName><apiOperationClassifier>flare.core:Pivot3D</apiOperationClassifier><apiDesc>First object to be tested.
		 </apiDesc></apiParam><apiParam><apiItemName>pivot2</apiItemName><apiOperationClassifier>flare.core:Pivot3D</apiOperationClassifier><apiDesc>Second object to be tested.
		 </apiDesc></apiParam></apiOperationDef><apiDesc>
		 Returns the distance between two objects. This method uses the global space of the scene.
		 </apiDesc></apiOperationDetail></apiOperation><apiOperation id="flare.utils:Pivot3DUtils:lookAtWithReference"><apiName>lookAtWithReference</apiName><shortdesc>
		 Points the object direction towards a given position using a reference object.</shortdesc><prolog/><apiOperationDetail><apiOperationDef><apiAccess value="public"/><apiStatic/><apiReturn><apiType value="void"/></apiReturn><apiParam><apiItemName>pivot</apiItemName><apiOperationClassifier>flare.core:Pivot3D</apiOperationClassifier><apiDesc>Reference object position on the x axis.
		 </apiDesc></apiParam><apiParam><apiItemName>x</apiItemName><apiType value="Number"/><apiDesc>Reference object position on the Y axis.
		 </apiDesc></apiParam><apiParam><apiItemName>y</apiItemName><apiType value="Number"/><apiDesc>Reference object position on the Z axis.
		 </apiDesc></apiParam><apiParam><apiItemName>z</apiItemName><apiType value="Number"/><apiDesc>Object to be used as referente for "x", "y" and "z" parameters.
		 </apiDesc></apiParam><apiParam><apiItemName>reference</apiItemName><apiOperationClassifier>flare.core:Pivot3D</apiOperationClassifier><apiDesc>Vector3D corresponding to the direction of the object upper side. If omitted, the default value (0, 1, 0) will be used.
		 </apiDesc></apiParam><apiParam><apiItemName>up</apiItemName><apiType value="flash.geom:Vector3D"/><apiData>null</apiData><apiDesc>Optional interpolation value towards final transformation (0-1).
		 </apiDesc></apiParam><apiParam><apiItemName>smooth</apiItemName><apiType value="Number"/><apiData>1</apiData></apiParam></apiOperationDef><apiDesc>
		 Points the object direction towards a given position using a reference object. The coordinates used correspond to the local space of the 'reference' parameter.
		 </apiDesc></apiOperationDetail><related-links><link href="../core/Pivot3D.html#lookAt()"><linktext>flare.core.Pivot3D.lookAt()</linktext></link><link href="flare.utils.xml#Pivot3DUtils/lookAt()"><linktext>lookAt()</linktext></link></related-links></apiOperation><apiOperation id="flare.utils:Pivot3DUtils:setPositionWithReference"><apiName>setPositionWithReference</apiName><shortdesc>
		 Positions an object using another as reference.</shortdesc><prolog/><apiOperationDetail><apiOperationDef><apiAccess value="public"/><apiStatic/><apiReturn><apiType value="void"/></apiReturn><apiParam><apiItemName>pivot</apiItemName><apiOperationClassifier>flare.core:Pivot3D</apiOperationClassifier><apiDesc>Object to be positioned.
		 </apiDesc></apiParam><apiParam><apiItemName>x</apiItemName><apiType value="Number"/><apiDesc>Reference object position on the X axis.
		 </apiDesc></apiParam><apiParam><apiItemName>y</apiItemName><apiType value="Number"/><apiDesc>Reference object position on the Y axis.
		 </apiDesc></apiParam><apiParam><apiItemName>z</apiItemName><apiType value="Number"/><apiDesc>Reference object position on the Z axis.
		 </apiDesc></apiParam><apiParam><apiItemName>reference</apiItemName><apiOperationClassifier>flare.core:Pivot3D</apiOperationClassifier><apiDesc>Object to be used as reference.
		 </apiDesc></apiParam><apiParam><apiItemName>smooth</apiItemName><apiType value="Number"/><apiData>1</apiData><apiDesc>Optional interpolation value towards final transformation (0-1).
		 </apiDesc></apiParam></apiOperationDef><apiDesc>
		 Positions an object using another as reference.
		 </apiDesc></apiOperationDetail></apiOperation><apiOperation id="flare.utils:Pivot3DUtils:traceInfo"><apiName>traceInfo</apiName><shortdesc>
		 Returns information about an object and its properties at the Flash output.</shortdesc><prolog/><apiOperationDetail><apiOperationDef><apiAccess value="public"/><apiStatic/><apiReturn><apiType value="void"/></apiReturn><apiParam><apiItemName>pivot</apiItemName><apiOperationClassifier>flare.core:Pivot3D</apiOperationClassifier><apiDesc>Object to be tested.
		 </apiDesc></apiParam><apiParam><apiItemName>includeMaterials</apiItemName><apiType value="Boolean"/><apiData>false</apiData><apiDesc>'true' if information about the materials is to be included.
		 </apiDesc></apiParam><apiParam><apiItemName>includeChildren</apiItemName><apiType value="Boolean"/><apiData>true</apiData><apiDesc>'true' if all the hierarchy is to be included.
		 </apiDesc></apiParam></apiOperationDef><apiDesc>
		 Returns information about an object and its properties at the Flash output.
		 </apiDesc></apiOperationDetail></apiOperation></apiClassifier><apiClassifier id="flare.utils:Mesh3DUtils"><apiName>Mesh3DUtils</apiName><shortdesc>
	 The Mesh3DUtils class contains help tools to work with Mesh3D-type objects.</shortdesc><prolog><author>Ariel Nehmad
	 </author><asMetadata/></prolog><apiClassifierDetail><apiClassifierDef><apiAccess value="public"/><apiStatic/><apiBaseClassifier>Object</apiBaseClassifier></apiClassifierDef><apiDesc>
	 The Mesh3DUtils class contains help tools to work with Mesh3D-type objects.
	 </apiDesc></apiClassifierDetail><apiOperation id="flare.utils:Mesh3DUtils:cloneMaterials"><apiName>cloneMaterials</apiName><shortdesc/><prolog/><apiOperationDetail><apiOperationDef><apiAccess value="public"/><apiStatic/><apiReturn><apiType value="void"/></apiReturn><apiParam><apiItemName>pivot</apiItemName><apiOperationClassifier>flare.core:Pivot3D</apiOperationClassifier></apiParam></apiOperationDef></apiOperationDetail></apiOperation><apiOperation id="flare.utils:Mesh3DUtils:merge"><apiName>merge</apiName><shortdesc/><prolog/><apiOperationDetail><apiOperationDef><apiAccess value="public"/><apiStatic/><apiReturn><apiOperationClassifier>flare.core:Mesh3D</apiOperationClassifier></apiReturn><apiParam><apiItemName>vector</apiItemName><apiType value="Vector$flare.core:Pivot3D"/></apiParam><apiParam><apiItemName>removeOiriginal</apiItemName><apiType value="Boolean"/><apiData>true</apiData></apiParam><apiParam><apiItemName>material</apiItemName><apiType value="flare.materials:Material3D"/><apiData>null</apiData></apiParam><apiParam><apiItemName>includeChildren</apiItemName><apiType value="Boolean"/><apiData>false</apiData></apiParam></apiOperationDef></apiOperationDetail></apiOperation><apiOperation id="flare.utils:Mesh3DUtils:split"><apiName>split</apiName><shortdesc>
		 Split the surfaces of the mesh if they exceds the limit of the buffer size.</shortdesc><prolog/><apiOperationDetail><apiOperationDef><apiAccess value="public"/><apiStatic/><apiReturn><apiType value="void"/></apiReturn><apiParam><apiItemName>mesh</apiItemName><apiOperationClassifier>flare.core:Mesh3D</apiOperationClassifier><apiDesc>The mess to be splited.
		 </apiDesc></apiParam></apiOperationDef><apiDesc>
		 Split the surfaces of the mesh if they exceds the limit of the buffer size.
		 </apiDesc></apiOperationDetail></apiOperation></apiClassifier><apiClassifier id="flare.utils:Vector3DUtils"><apiName>Vector3DUtils</apiName><shortdesc>
	 The Vector3DUtils class contains help tools to work with Vector3D-type objects.</shortdesc><prolog><author>Ariel Nehmad
	 </author><asMetadata/></prolog><apiClassifierDetail><apiClassifierDef><apiAccess value="public"/><apiStatic/><apiBaseClassifier>Object</apiBaseClassifier></apiClassifierDef><apiDesc>
	 The Vector3DUtils class contains help tools to work with Vector3D-type objects.
	 </apiDesc></apiClassifierDetail><apiOperation id="flare.utils:Vector3DUtils:abs"><apiName>abs</apiName><shortdesc/><prolog/><apiOperationDetail><apiOperationDef><apiAccess value="public"/><apiStatic/><apiReturn><apiType value="void"/></apiReturn><apiParam><apiItemName>a</apiItemName><apiType value="flash.geom:Vector3D"/></apiParam></apiOperationDef></apiOperationDetail></apiOperation><apiOperation id="flare.utils:Vector3DUtils:add"><apiName>add</apiName><shortdesc>
		 Calculates the sum of two vectors.</shortdesc><prolog/><apiOperationDetail><apiOperationDef><apiAccess value="public"/><apiStatic/><apiReturn><apiDesc>If the 'out' parameter is 'null', a new Vector3D with the result will be returned. Otherwise, the same vector passed to the 'out' parameter will be returned.
		 </apiDesc><apiType value="flash.geom:Vector3D"/></apiReturn><apiParam><apiItemName>a</apiItemName><apiType value="flash.geom:Vector3D"/><apiDesc>First vector.
		 </apiDesc></apiParam><apiParam><apiItemName>b</apiItemName><apiType value="flash.geom:Vector3D"/><apiDesc>Second vector.
		 </apiDesc></apiParam><apiParam><apiItemName>out</apiItemName><apiType value="flash.geom:Vector3D"/><apiData>null</apiData><apiDesc>Vector3D-type object where the result is to be returned.
		 </apiDesc></apiParam></apiOperationDef><apiDesc>
		 Calculates the sum of two vectors.
		 </apiDesc></apiOperationDetail></apiOperation><apiOperation id="flare.utils:Vector3DUtils:cross"><apiName>cross</apiName><shortdesc>
		 Calculates the crossed product of two vectors.</shortdesc><prolog/><apiOperationDetail><apiOperationDef><apiAccess value="public"/><apiStatic/><apiReturn><apiDesc>If the 'out' parameter is 'null', a new Vector3D with the result will be returned. Otherwise, the same vector passed to the 'out' parameter will be returned.
		 </apiDesc><apiType value="flash.geom:Vector3D"/></apiReturn><apiParam><apiItemName>a</apiItemName><apiType value="flash.geom:Vector3D"/><apiDesc>First vector to be tested.
		 </apiDesc></apiParam><apiParam><apiItemName>b</apiItemName><apiType value="flash.geom:Vector3D"/><apiDesc>Second vector to be tested.
		 </apiDesc></apiParam><apiParam><apiItemName>out</apiItemName><apiType value="flash.geom:Vector3D"/><apiData>null</apiData><apiDesc>Vector3D-type object where the result is to be returned.
		 </apiDesc></apiParam></apiOperationDef><apiDesc>
		 Calculates the crossed product of two vectors.
		 </apiDesc></apiOperationDetail></apiOperation><apiOperation id="flare.utils:Vector3DUtils:interpolate"><apiName>interpolate</apiName><shortdesc>
		 Calculates the interpolation between two vectors.</shortdesc><prolog/><apiOperationDetail><apiOperationDef><apiAccess value="public"/><apiStatic/><apiReturn><apiDesc>If the 'out' parameter is 'null', a new Vector3D with the result will be returned. Otherwise, the same vector passed to the 'out' parameter will be returned.
		 </apiDesc><apiType value="flash.geom:Vector3D"/></apiReturn><apiParam><apiItemName>a</apiItemName><apiType value="flash.geom:Vector3D"/><apiDesc>Source vector.
		 </apiDesc></apiParam><apiParam><apiItemName>b</apiItemName><apiType value="flash.geom:Vector3D"/><apiDesc>Destination vector.
		 </apiDesc></apiParam><apiParam><apiItemName>value</apiItemName><apiType value="Number"/><apiDesc>Interpolation value (0-1).
		 </apiDesc></apiParam><apiParam><apiItemName>out</apiItemName><apiType value="flash.geom:Vector3D"/><apiData>null</apiData><apiDesc>Vector where the result is to be returned.
		 </apiDesc></apiParam></apiOperationDef><apiDesc>
		 Calculates the interpolation between two vectors.
		 </apiDesc></apiOperationDetail></apiOperation><apiOperation id="flare.utils:Vector3DUtils:lengthSquared"><apiName>lengthSquared</apiName><shortdesc>
		 Calculates the squared length between two vectors.</shortdesc><prolog/><apiOperationDetail><apiOperationDef><apiAccess value="public"/><apiStatic/><apiReturn><apiDesc>Distance aquared between vectors 'a' and 'b'.
		 </apiDesc><apiType value="Number"/></apiReturn><apiParam><apiItemName>a</apiItemName><apiType value="flash.geom:Vector3D"/><apiDesc>First  vector to be tested.
		 </apiDesc></apiParam><apiParam><apiItemName>b</apiItemName><apiType value="flash.geom:Vector3D"/><apiDesc>Second vector to be tested.
		 </apiDesc></apiParam></apiOperationDef><apiDesc>
		 Calculates the squared length between two vectors.
		 </apiDesc></apiOperationDetail></apiOperation><apiOperation id="flare.utils:Vector3DUtils:length"><apiName>length</apiName><shortdesc>
		 Calculates the length between two vectors.</shortdesc><prolog/><apiOperationDetail><apiOperationDef><apiAccess value="public"/><apiStatic/><apiReturn><apiDesc>Distance between vectors 'a' and 'b'.
		 </apiDesc><apiType value="Number"/></apiReturn><apiParam><apiItemName>a</apiItemName><apiType value="flash.geom:Vector3D"/><apiDesc>First vector to be tested.
		 </apiDesc></apiParam><apiParam><apiItemName>b</apiItemName><apiType value="flash.geom:Vector3D"/><apiDesc>Second vector to be tested.
		 </apiDesc></apiParam></apiOperationDef><apiDesc>
		 Calculates the length between two vectors.
		 </apiDesc></apiOperationDetail></apiOperation><apiOperation id="flare.utils:Vector3DUtils:max"><apiName>max</apiName><shortdesc/><prolog/><apiOperationDetail><apiOperationDef><apiAccess value="public"/><apiStatic/><apiReturn><apiType value="flash.geom:Vector3D"/></apiReturn><apiParam><apiItemName>a</apiItemName><apiType value="flash.geom:Vector3D"/></apiParam><apiParam><apiItemName>b</apiItemName><apiType value="flash.geom:Vector3D"/></apiParam><apiParam><apiItemName>out</apiItemName><apiType value="flash.geom:Vector3D"/><apiData>null</apiData></apiParam></apiOperationDef></apiOperationDetail></apiOperation><apiOperation id="flare.utils:Vector3DUtils:min"><apiName>min</apiName><shortdesc/><prolog/><apiOperationDetail><apiOperationDef><apiAccess value="public"/><apiStatic/><apiReturn><apiType value="flash.geom:Vector3D"/></apiReturn><apiParam><apiItemName>a</apiItemName><apiType value="flash.geom:Vector3D"/></apiParam><apiParam><apiItemName>b</apiItemName><apiType value="flash.geom:Vector3D"/></apiParam><apiParam><apiItemName>out</apiItemName><apiType value="flash.geom:Vector3D"/><apiData>null</apiData></apiParam></apiOperationDef></apiOperationDetail></apiOperation><apiOperation id="flare.utils:Vector3DUtils:mirror"><apiName>mirror</apiName><shortdesc>
		 Returns the vector mirrored with respect to another.</shortdesc><prolog/><apiOperationDetail><apiOperationDef><apiAccess value="public"/><apiStatic/><apiReturn><apiDesc>If the 'out' parameter is 'null', a new Vector3D with the result will be returned. Otherwise, the same vector passed to the 'out' parameter will be returned.
		 </apiDesc><apiType value="flash.geom:Vector3D"/></apiReturn><apiParam><apiItemName>vector</apiItemName><apiType value="flash.geom:Vector3D"/><apiDesc>Source vector that is to be mirrored.
		 </apiDesc></apiParam><apiParam><apiItemName>normal</apiItemName><apiType value="flash.geom:Vector3D"/><apiDesc>Plane normal on which the source vector is to be mirrored.
		 </apiDesc></apiParam><apiParam><apiItemName>out</apiItemName><apiType value="flash.geom:Vector3D"/><apiData>null</apiData><apiDesc>Vector where the result is to be returned.
		 </apiDesc></apiParam></apiOperationDef><apiDesc>
		 Returns the vector mirrored with respect to another.
		 </apiDesc></apiOperationDetail></apiOperation><apiOperation id="flare.utils:Vector3DUtils:negate"><apiName>negate</apiName><shortdesc>
		 Calculates the inverse vector of another vector.</shortdesc><prolog/><apiOperationDetail><apiOperationDef><apiAccess value="public"/><apiStatic/><apiReturn><apiDesc>If the 'out' parameter is 'null', a new Vector3D with the result will be returned. Otherwise, the same vector passed to the 'out' parameter will be returned.
		 </apiDesc><apiType value="flash.geom:Vector3D"/></apiReturn><apiParam><apiItemName>a</apiItemName><apiType value="flash.geom:Vector3D"/><apiDesc>Vector to be tested.
		 </apiDesc></apiParam><apiParam><apiItemName>out</apiItemName><apiType value="flash.geom:Vector3D"/><apiData>null</apiData><apiDesc>Vector where the result is to be returned.
		 </apiDesc></apiParam></apiOperationDef><apiDesc>
		 Calculates the inverse vector of another vector.
		 </apiDesc></apiOperationDetail></apiOperation><apiOperation id="flare.utils:Vector3DUtils:random"><apiName>random</apiName><shortdesc>
		 Fills a vector with random numbers in a defined range.</shortdesc><prolog/><apiOperationDetail><apiOperationDef><apiAccess value="public"/><apiStatic/><apiReturn><apiDesc>If the 'out' parameter is 'null', a new Vector3D with the result will be returned. Otherwise, the same vector passed to the 'out' parameter will be returned.
		 </apiDesc><apiType value="flash.geom:Vector3D"/></apiReturn><apiParam><apiItemName>min</apiItemName><apiType value="Number"/><apiDesc>Minimum number that values can hold.
		 </apiDesc></apiParam><apiParam><apiItemName>max</apiItemName><apiType value="Number"/><apiDesc>Maximum number that values can hold.
		 </apiDesc></apiParam><apiParam><apiItemName>out</apiItemName><apiType value="flash.geom:Vector3D"/><apiData>null</apiData><apiDesc>Vector where the result is to be returned.
		 </apiDesc></apiParam></apiOperationDef><apiDesc>
		 Fills a vector with random numbers in a defined range.
		 </apiDesc></apiOperationDetail></apiOperation><apiOperation id="flare.utils:Vector3DUtils:setLength"><apiName>setLength</apiName><shortdesc>
		 Sets a scale for a vector.</shortdesc><prolog/><apiOperationDetail><apiOperationDef><apiAccess value="public"/><apiStatic/><apiReturn><apiType value="void"/></apiReturn><apiParam><apiItemName>a</apiItemName><apiType value="flash.geom:Vector3D"/><apiDesc>Vector whose scale is to be set.
		 </apiDesc></apiParam><apiParam><apiItemName>length</apiItemName><apiType value="Number"/><apiDesc>Scale to be set.
		 </apiDesc></apiParam></apiOperationDef><apiDesc>
		 Sets a scale for a vector.
		 </apiDesc></apiOperationDetail></apiOperation><apiOperation id="flare.utils:Vector3DUtils:sub"><apiName>sub</apiName><shortdesc>
		 Calculates the subtraction of two vectors.</shortdesc><prolog/><apiOperationDetail><apiOperationDef><apiAccess value="public"/><apiStatic/><apiReturn><apiDesc>If the 'out' parameter is 'null', a new Vector3D with the result will be returned. Otherwise, the same vector passed to the 'out' parameter will be returned.
		 </apiDesc><apiType value="flash.geom:Vector3D"/></apiReturn><apiParam><apiItemName>a</apiItemName><apiType value="flash.geom:Vector3D"/><apiDesc>First vector.
		 </apiDesc></apiParam><apiParam><apiItemName>b</apiItemName><apiType value="flash.geom:Vector3D"/><apiDesc>Second vector.
		 </apiDesc></apiParam><apiParam><apiItemName>out</apiItemName><apiType value="flash.geom:Vector3D"/><apiData>null</apiData><apiDesc>Vector3D-type object where the result is to be returned.
		 </apiDesc></apiParam></apiOperationDef><apiDesc>
		 Calculates the subtraction of two vectors.
		 </apiDesc></apiOperationDetail></apiOperation><apiOperation id="flare.utils:Vector3DUtils:set"><apiName>set</apiName><shortdesc>
		 Sets the values for a vector.</shortdesc><prolog/><apiOperationDetail><apiOperationDef><apiAccess value="public"/><apiStatic/><apiReturn><apiType value="void"/></apiReturn><apiParam><apiItemName>a</apiItemName><apiType value="flash.geom:Vector3D"/><apiDesc>Vector to be set.
		 </apiDesc></apiParam><apiParam><apiItemName>x</apiItemName><apiType value="Number"/><apiData>0</apiData><apiDesc>X component of the vector.
		 </apiDesc></apiParam><apiParam><apiItemName>y</apiItemName><apiType value="Number"/><apiData>0</apiData><apiDesc>Y component of the vector.
		 </apiDesc></apiParam><apiParam><apiItemName>z</apiItemName><apiType value="Number"/><apiData>0</apiData><apiDesc>Z component fo the vector.
		 </apiDesc></apiParam><apiParam><apiItemName>w</apiItemName><apiType value="Number"/><apiData>0</apiData></apiParam></apiOperationDef><apiDesc>
		 Sets the values for a vector.
		 </apiDesc></apiOperationDetail></apiOperation><apiValue id="flare.utils:Vector3DUtils:BACK"><apiName>BACK</apiName><shortdesc>
		 Vector that defines the (0,0,-1) constant.</shortdesc><prolog/><apiValueDetail><apiValueDef><apiAccess value="public"/><apiStatic/><apiData>unknown</apiData><apiType value="flash.geom:Vector3D"/></apiValueDef><apiDesc>
		 Vector that defines the (0,0,-1) constant.
		 </apiDesc></apiValueDetail></apiValue><apiValue id="flare.utils:Vector3DUtils:DOWN"><apiName>DOWN</apiName><shortdesc>
		 Vector that defines the (0,-1,0) constant.</shortdesc><prolog/><apiValueDetail><apiValueDef><apiAccess value="public"/><apiStatic/><apiData>unknown</apiData><apiType value="flash.geom:Vector3D"/></apiValueDef><apiDesc>
		 Vector that defines the (0,-1,0) constant.
		 </apiDesc></apiValueDetail></apiValue><apiValue id="flare.utils:Vector3DUtils:FORWARD"><apiName>FORWARD</apiName><shortdesc>
		 Vector that defines the (0,0,1) constant.</shortdesc><prolog/><apiValueDetail><apiValueDef><apiAccess value="public"/><apiStatic/><apiData>unknown</apiData><apiType value="flash.geom:Vector3D"/></apiValueDef><apiDesc>
		 Vector that defines the (0,0,1) constant.
		 </apiDesc></apiValueDetail></apiValue><apiValue id="flare.utils:Vector3DUtils:LEFT"><apiName>LEFT</apiName><shortdesc>
		 Vector that defines the (-1,0,0) constant.</shortdesc><prolog/><apiValueDetail><apiValueDef><apiAccess value="public"/><apiStatic/><apiData>unknown</apiData><apiType value="flash.geom:Vector3D"/></apiValueDef><apiDesc>
		 Vector that defines the (-1,0,0) constant.
		 </apiDesc></apiValueDetail></apiValue><apiValue id="flare.utils:Vector3DUtils:ONE"><apiName>ONE</apiName><shortdesc>
		 Vector that defines the (1,1,1) constant.</shortdesc><prolog/><apiValueDetail><apiValueDef><apiAccess value="public"/><apiStatic/><apiData>unknown</apiData><apiType value="flash.geom:Vector3D"/></apiValueDef><apiDesc>
		 Vector that defines the (1,1,1) constant.
		 </apiDesc></apiValueDetail></apiValue><apiValue id="flare.utils:Vector3DUtils:RIGHT"><apiName>RIGHT</apiName><shortdesc>
		 Vector that defines the (1,0,0) constant.</shortdesc><prolog/><apiValueDetail><apiValueDef><apiAccess value="public"/><apiStatic/><apiData>unknown</apiData><apiType value="flash.geom:Vector3D"/></apiValueDef><apiDesc>
		 Vector that defines the (1,0,0) constant.
		 </apiDesc></apiValueDetail></apiValue><apiValue id="flare.utils:Vector3DUtils:UP"><apiName>UP</apiName><shortdesc>
		 Vector that defines the (0,1,0) constant.</shortdesc><prolog/><apiValueDetail><apiValueDef><apiAccess value="public"/><apiStatic/><apiData>unknown</apiData><apiType value="flash.geom:Vector3D"/></apiValueDef><apiDesc>
		 Vector that defines the (0,1,0) constant.
		 </apiDesc></apiValueDetail></apiValue><apiValue id="flare.utils:Vector3DUtils:ZERO"><apiName>ZERO</apiName><shortdesc>
		 Vector that defines the (0,0,0) constant.</shortdesc><prolog/><apiValueDetail><apiValueDef><apiAccess value="public"/><apiStatic/><apiData>unknown</apiData><apiType value="flash.geom:Vector3D"/></apiValueDef><apiDesc>
		 Vector that defines the (0,0,0) constant.
		 </apiDesc></apiValueDetail></apiValue></apiClassifier><apiClassifier id="flare.utils:Texture3DUtils"><apiName>Texture3DUtils</apiName><shortdesc>
	 The Texture3DUtils class contains help tools to work with Texture3D or BitmapData-type objects.</shortdesc><prolog><author>Ariel Nehmad
	 </author><asMetadata/></prolog><apiClassifierDetail><apiClassifierDef><apiAccess value="public"/><apiStatic/><apiBaseClassifier>Object</apiBaseClassifier></apiClassifierDef><apiDesc>
	 The Texture3DUtils class contains help tools to work with Texture3D or BitmapData-type objects.
	 </apiDesc></apiClassifierDetail><apiOperation id="flare.utils:Texture3DUtils:extractCubeMap"><apiName>extractCubeMap</apiName><shortdesc/><prolog/><apiOperationDetail><apiOperationDef><apiAccess value="public"/><apiStatic/><apiReturn><apiType value="Array"/></apiReturn><apiParam><apiItemName>bitmapData</apiItemName><apiType value="flash.display:BitmapData"/></apiParam></apiOperationDef></apiOperationDetail></apiOperation><apiOperation id="flare.utils:Texture3DUtils:toNormalMap"><apiName>toNormalMap</apiName><shortdesc/><prolog/><apiOperationDetail><apiOperationDef><apiAccess value="public"/><apiStatic/><apiReturn><apiType value="flash.display:BitmapData"/></apiReturn><apiParam><apiItemName>bitmapData</apiItemName><apiType value="flash.display:BitmapData"/></apiParam><apiParam><apiItemName>x</apiItemName><apiType value="Number"/><apiData>1</apiData></apiParam><apiParam><apiItemName>y</apiItemName><apiType value="Number"/><apiData>1</apiData></apiParam></apiOperationDef></apiOperationDetail></apiOperation></apiClassifier><apiClassifier id="flare.utils:Matrix3DUtils"><apiName>Matrix3DUtils</apiName><shortdesc>
	 The Matrix3DUtils class contains help tools to work with Matrix3D-type objects.</shortdesc><prolog><author>Ariel Nehmad
	 </author><asMetadata/></prolog><apiClassifierDetail><apiClassifierDef><apiAccess value="public"/><apiStatic/><apiBaseClassifier>Object</apiBaseClassifier></apiClassifierDef><apiDesc>
	 The Matrix3DUtils class contains help tools to work with Matrix3D-type objects.
	 </apiDesc></apiClassifierDetail><apiOperation id="flare.utils:Matrix3DUtils:deltaTransformVector"><apiName>deltaTransformVector</apiName><shortdesc>
		 Transforms a given point multiplying it by a matrix, but without considering translation.</shortdesc><prolog/><apiOperationDetail><apiOperationDef><apiAccess value="public"/><apiStatic/><apiReturn><apiType value="flash.geom:Vector3D"/></apiReturn><apiParam><apiItemName>m</apiItemName><apiType value="flash.geom:Matrix3D"/><apiDesc>Matrix that will be used to transform the point.
		 </apiDesc></apiParam><apiParam><apiItemName>vector</apiItemName><apiType value="flash.geom:Vector3D"/><apiDesc>Vector3D that represents the point to be transformed.
		 </apiDesc></apiParam><apiParam><apiItemName>out</apiItemName><apiType value="flash.geom:Vector3D"/><apiData>null</apiData><apiDesc>Vector3D where the transformed point is to be returned.
		 </apiDesc></apiParam></apiOperationDef><apiDesc>
		 Transforms a given point multiplying it by a matrix, but without considering translation.
		 </apiDesc></apiOperationDetail></apiOperation><apiOperation id="flare.utils:Matrix3DUtils:equal"><apiName>equal</apiName><shortdesc>
		 Returns 'true' if 'a' and 'b' matrices are equal.</shortdesc><prolog/><apiOperationDetail><apiOperationDef><apiAccess value="public"/><apiStatic/><apiReturn><apiDesc>'true' if they are equal.
		 </apiDesc><apiType value="Boolean"/></apiReturn><apiParam><apiItemName>a</apiItemName><apiType value="flash.geom:Matrix3D"/><apiDesc>First matrix to be compared.
		 </apiDesc></apiParam><apiParam><apiItemName>b</apiItemName><apiType value="flash.geom:Matrix3D"/><apiDesc>Second matrix to be compared.
		 </apiDesc></apiParam></apiOperationDef><apiDesc>
		 Returns 'true' if 'a' and 'b' matrices are equal.
		 </apiDesc></apiOperationDetail></apiOperation><apiOperation id="flare.utils:Matrix3DUtils:getBackward"><apiName>getBackward</apiName><shortdesc>
		 Returns the direction vector pointing to the back side of the matrix.</shortdesc><prolog/><apiOperationDetail><apiOperationDef><apiAccess value="public"/><apiStatic/><apiReturn><apiDesc>If the 'out' parameter is 'null', a new Vector3D with the direccion will be returned. Otherwise, the same vector passed to the 'out' parameter will be returned.
		 </apiDesc><apiType value="flash.geom:Vector3D"/></apiReturn><apiParam><apiItemName>m</apiItemName><apiType value="flash.geom:Matrix3D"/><apiDesc>Matrix to be tested.
		 </apiDesc></apiParam><apiParam><apiItemName>out</apiItemName><apiType value="flash.geom:Vector3D"/><apiData>null</apiData><apiDesc>Output vector3D where the direction of the right vector of the matrix is to be returned.
		 </apiDesc></apiParam></apiOperationDef><apiDesc>
		 Returns the direction vector pointing to the back side of the matrix.
		 </apiDesc></apiOperationDetail></apiOperation><apiOperation id="flare.utils:Matrix3DUtils:getDir"><apiName>getDir</apiName><shortdesc>
		 Returns the dirección vector pointing to the front side of the matrix.</shortdesc><prolog/><apiOperationDetail><apiOperationDef><apiAccess value="public"/><apiStatic/><apiReturn><apiDesc>If the 'out' parameter is 'null', a new Vector3D with the direction will be returned. Otherwise, the same vector passed to the 'out' parameter will be returned.
		 </apiDesc><apiType value="flash.geom:Vector3D"/></apiReturn><apiParam><apiItemName>m</apiItemName><apiType value="flash.geom:Matrix3D"/><apiDesc>Matrix to be tested.
		 </apiDesc></apiParam><apiParam><apiItemName>out</apiItemName><apiType value="flash.geom:Vector3D"/><apiData>null</apiData><apiDesc>Output vector3D where the direction of the front vector of the matrix is to be returned.
		 </apiDesc></apiParam></apiOperationDef><apiDesc>
		 Returns the dirección vector pointing to the front side of the matrix.
		 </apiDesc></apiOperationDetail></apiOperation><apiOperation id="flare.utils:Matrix3DUtils:getDown"><apiName>getDown</apiName><shortdesc>
		 Returns the dirección vector pointing to the bottom side of the matrix.</shortdesc><prolog/><apiOperationDetail><apiOperationDef><apiAccess value="public"/><apiStatic/><apiReturn><apiDesc>If the 'out' parameter is 'null', a new Vector3D with the direction will be returned. Otherwise, the same vector passed to the 'out' parameter will be returned.
		 </apiDesc><apiType value="flash.geom:Vector3D"/></apiReturn><apiParam><apiItemName>m</apiItemName><apiType value="flash.geom:Matrix3D"/><apiDesc>Matrix to be tested.
		 </apiDesc></apiParam><apiParam><apiItemName>out</apiItemName><apiType value="flash.geom:Vector3D"/><apiData>null</apiData><apiDesc>Output vector3D where the direction of the front vector of the matrix is to be returned.
		 </apiDesc></apiParam></apiOperationDef><apiDesc>
		 Returns the dirección vector pointing to the bottom side of the matrix.
		 </apiDesc></apiOperationDetail></apiOperation><apiOperation id="flare.utils:Matrix3DUtils:getLeft"><apiName>getLeft</apiName><shortdesc>
		 Returns the dirección vector pointing to the left side of the matrix.</shortdesc><prolog/><apiOperationDetail><apiOperationDef><apiAccess value="public"/><apiStatic/><apiReturn><apiDesc>If the 'out' parameter is 'null', a new Vector3D with the direction will be returned. Otherwise, the same vector passed to the 'out' parameter will be returned.
		 </apiDesc><apiType value="flash.geom:Vector3D"/></apiReturn><apiParam><apiItemName>m</apiItemName><apiType value="flash.geom:Matrix3D"/><apiDesc>Matrix to be tested.
		 </apiDesc></apiParam><apiParam><apiItemName>out</apiItemName><apiType value="flash.geom:Vector3D"/><apiData>null</apiData><apiDesc>Output vector3D where the direction of the front vector of the matrix is to be returned.
		 </apiDesc></apiParam></apiOperationDef><apiDesc>
		 Returns the dirección vector pointing to the left side of the matrix.
		 </apiDesc></apiOperationDetail></apiOperation><apiOperation id="flare.utils:Matrix3DUtils:getPosition"><apiName>getPosition</apiName><shortdesc>
		 Returns a matrix position.</shortdesc><prolog/><apiOperationDetail><apiOperationDef><apiAccess value="public"/><apiStatic/><apiReturn><apiDesc>If the 'out' is 'null', a new Vector3D with the position will be returned. Otherwise, the same vector passed to the 'out' parameter will be returned.
		 </apiDesc><apiType value="flash.geom:Vector3D"/></apiReturn><apiParam><apiItemName>m</apiItemName><apiType value="flash.geom:Matrix3D"/><apiDesc>Matrix to be tested.
		 </apiDesc></apiParam><apiParam><apiItemName>out</apiItemName><apiType value="flash.geom:Vector3D"/><apiData>null</apiData><apiDesc>Output vector3D where the matrix position is to be returned.
		 </apiDesc></apiParam></apiOperationDef><apiDesc>
		 Returns a matrix position.
		 </apiDesc></apiOperationDetail></apiOperation><apiOperation id="flare.utils:Matrix3DUtils:getRight"><apiName>getRight</apiName><shortdesc>
		 Returns the direction vector pointing to the right side of the matrix.</shortdesc><prolog/><apiOperationDetail><apiOperationDef><apiAccess value="public"/><apiStatic/><apiReturn><apiDesc>If the 'out' parameter is 'null', a new Vector3D with the direccion will be returned. Otherwise, the same vector passed to the 'out' parameter will be returned.
		 </apiDesc><apiType value="flash.geom:Vector3D"/></apiReturn><apiParam><apiItemName>m</apiItemName><apiType value="flash.geom:Matrix3D"/><apiDesc>Matrix to be tested.
		 </apiDesc></apiParam><apiParam><apiItemName>out</apiItemName><apiType value="flash.geom:Vector3D"/><apiData>null</apiData><apiDesc>Output vector3D where the direction of the right vector of the matrix is to be returned.
		 </apiDesc></apiParam></apiOperationDef><apiDesc>
		 Returns the direction vector pointing to the right side of the matrix.
		 </apiDesc></apiOperationDetail></apiOperation><apiOperation id="flare.utils:Matrix3DUtils:getRotation"><apiName>getRotation</apiName><shortdesc>
		 Returns the current rotation of the object in euler angles.</shortdesc><prolog/><apiOperationDetail><apiOperationDef><apiAccess value="public"/><apiStatic/><apiReturn><apiDesc>If the 'out' parameter is 'null', a new Vector3D with the rotation will be returned. Otherwise, the same vector passed to the 'out' parameter will be returned.
		 </apiDesc><apiType value="flash.geom:Vector3D"/></apiReturn><apiParam><apiItemName>m</apiItemName><apiType value="flash.geom:Matrix3D"/><apiDesc>Matrix to be tested.
		 </apiDesc></apiParam><apiParam><apiItemName>out</apiItemName><apiType value="flash.geom:Vector3D"/><apiData>null</apiData><apiDesc>Output vector3D where the matrix rotation is to be returned.
		 </apiDesc></apiParam></apiOperationDef><apiDesc>
		 Returns the current rotation of the object in euler angles.
		 </apiDesc></apiOperationDetail></apiOperation><apiOperation id="flare.utils:Matrix3DUtils:getScale"><apiName>getScale</apiName><shortdesc>
		 Returns a matrix scale.</shortdesc><prolog/><apiOperationDetail><apiOperationDef><apiAccess value="public"/><apiStatic/><apiReturn><apiDesc>If the 'out' parameter is 'null', a new vector3D with the scale will be returned. Otherwise, the same vector passed to the 'out' parameter will be returned.
		 </apiDesc><apiType value="flash.geom:Vector3D"/></apiReturn><apiParam><apiItemName>m</apiItemName><apiType value="flash.geom:Matrix3D"/><apiDesc>Matrix to be tested.
		 </apiDesc></apiParam><apiParam><apiItemName>out</apiItemName><apiType value="flash.geom:Vector3D"/><apiData>null</apiData><apiDesc>Output vector3D where the matrix scale is to be returned.
		 </apiDesc></apiParam></apiOperationDef><apiDesc>
		 Returns a matrix scale.
		 </apiDesc></apiOperationDetail></apiOperation><apiOperation id="flare.utils:Matrix3DUtils:getUp"><apiName>getUp</apiName><shortdesc>
		 Returns the direction vector pointing to the upper side of the matrix.</shortdesc><prolog/><apiOperationDetail><apiOperationDef><apiAccess value="public"/><apiStatic/><apiReturn><apiDesc>If the 'out' parameter is 'null', a new Vector3D with the direction will be returned. Otherwise, the same vector passed to the 'out' parameter will be returned.
		 </apiDesc><apiType value="flash.geom:Vector3D"/></apiReturn><apiParam><apiItemName>m</apiItemName><apiType value="flash.geom:Matrix3D"/><apiDesc>Matrix to be tested.
		 </apiDesc></apiParam><apiParam><apiItemName>out</apiItemName><apiType value="flash.geom:Vector3D"/><apiData>null</apiData><apiDesc>Output vector3D where the direction of the upper vector of the matrix is to be returned.
		 </apiDesc></apiParam></apiOperationDef><apiDesc>
		 Returns the direction vector pointing to the upper side of the matrix.
		 </apiDesc></apiOperationDetail></apiOperation><apiOperation id="flare.utils:Matrix3DUtils:interpolateTo"><apiName>interpolateTo</apiName><shortdesc/><prolog/><apiOperationDetail><apiOperationDef><apiAccess value="public"/><apiStatic/><apiReturn><apiType value="void"/></apiReturn><apiParam><apiItemName>src</apiItemName><apiType value="flash.geom:Matrix3D"/></apiParam><apiParam><apiItemName>dest</apiItemName><apiType value="flash.geom:Matrix3D"/></apiParam><apiParam><apiItemName>percent</apiItemName><apiType value="Number"/></apiParam></apiOperationDef></apiOperationDetail></apiOperation><apiOperation id="flare.utils:Matrix3DUtils:invert"><apiName>invert</apiName><shortdesc>
		 Inverts a matrix3D.</shortdesc><prolog/><apiOperationDetail><apiOperationDef><apiAccess value="public"/><apiStatic/><apiReturn><apiDesc>If the 'out' is 'null', a new matrix will be returned. Otherwise, the same matrix, passed to the 'out' parameter, will be returned.
		 </apiDesc><apiType value="flash.geom:Matrix3D"/></apiReturn><apiParam><apiItemName>m</apiItemName><apiType value="flash.geom:Matrix3D"/><apiDesc>Matrix to be inverted.
		 </apiDesc></apiParam><apiParam><apiItemName>out</apiItemName><apiType value="flash.geom:Matrix3D"/><apiData>null</apiData><apiDesc>Matrix where the inverted matrix is returned.
		 </apiDesc></apiParam></apiOperationDef><apiDesc>
		 Inverts a matrix3D.
		 </apiDesc></apiOperationDetail></apiOperation><apiOperation id="flare.utils:Matrix3DUtils:lookAt"><apiName>lookAt</apiName><shortdesc>
		 Directs the object towards the specified position.</shortdesc><prolog/><apiOperationDetail><apiOperationDef><apiAccess value="public"/><apiStatic/><apiReturn><apiType value="void"/></apiReturn><apiParam><apiItemName>m</apiItemName><apiType value="flash.geom:Matrix3D"/><apiDesc>Marix to be tested.
		 </apiDesc></apiParam><apiParam><apiItemName>x</apiItemName><apiType value="Number"/><apiDesc>Position on x
		 </apiDesc></apiParam><apiParam><apiItemName>y</apiItemName><apiType value="Number"/><apiDesc>Position on Y
		 </apiDesc></apiParam><apiParam><apiItemName>z</apiItemName><apiType value="Number"/><apiDesc>Position on z
		 </apiDesc></apiParam><apiParam><apiItemName>up</apiItemName><apiType value="flash.geom:Vector3D"/><apiData>null</apiData><apiDesc>Vector3D related to the direction of the upper side of the object. The default value is (0, 1, 0). 
		 </apiDesc></apiParam><apiParam><apiItemName>smooth</apiItemName><apiType value="Number"/><apiData>1</apiData><apiDesc>Optional interpolation value towards final transformation (0-1).
		 </apiDesc></apiParam></apiOperationDef><apiDesc>
		 Directs the object towards the specified position. Coordinates are related to the local space of the object.
		 </apiDesc></apiOperationDetail></apiOperation><apiOperation id="flare.utils:Matrix3DUtils:resetPosition"><apiName>resetPosition</apiName><shortdesc>
		 Resets the matrix position.</shortdesc><prolog/><apiOperationDetail><apiOperationDef><apiAccess value="public"/><apiStatic/><apiReturn><apiType value="void"/></apiReturn><apiParam><apiItemName>m</apiItemName><apiType value="flash.geom:Matrix3D"/><apiDesc>Matrix whose position is to be reset.
		 </apiDesc></apiParam></apiOperationDef><apiDesc>
		 Resets the matrix position. The position is to be set to (0,0,0).
		 </apiDesc></apiOperationDetail></apiOperation><apiOperation id="flare.utils:Matrix3DUtils:resetRotation"><apiName>resetRotation</apiName><shortdesc>
		 Resets the matrix rotation.</shortdesc><prolog/><apiOperationDetail><apiOperationDef><apiAccess value="public"/><apiStatic/><apiReturn><apiType value="void"/></apiReturn><apiParam><apiItemName>m</apiItemName><apiType value="flash.geom:Matrix3D"/><apiDesc>Matrix whose rotation is to be reset.
		 </apiDesc></apiParam></apiOperationDef><apiDesc>
		 Resets the matrix rotation. The rotation is to be set to (0,0,0).
		 </apiDesc></apiOperationDetail></apiOperation><apiOperation id="flare.utils:Matrix3DUtils:resetScale"><apiName>resetScale</apiName><shortdesc>
		 Resets a matrix scale.</shortdesc><prolog/><apiOperationDetail><apiOperationDef><apiAccess value="public"/><apiStatic/><apiReturn><apiType value="void"/></apiReturn><apiParam><apiItemName>m</apiItemName><apiType value="flash.geom:Matrix3D"/><apiDesc>Matrix whose scale is to be reset.
		 </apiDesc></apiParam></apiOperationDef><apiDesc>
		 Resets a matrix scale. The scale is to be set to (1,1,1).
		 </apiDesc></apiOperationDetail></apiOperation><apiOperation id="flare.utils:Matrix3DUtils:rotateAxis"><apiName>rotateAxis</apiName><shortdesc>
		 Rotates the object on the specified axis from its current position.</shortdesc><prolog/><apiOperationDetail><apiOperationDef><apiAccess value="public"/><apiStatic/><apiReturn><apiType value="void"/></apiReturn><apiParam><apiItemName>m</apiItemName><apiType value="flash.geom:Matrix3D"/><apiDesc>Source Matrix3D.
		 </apiDesc></apiParam><apiParam><apiItemName>angle</apiItemName><apiType value="Number"/><apiDesc>Angles to be rotated.     
		 </apiDesc></apiParam><apiParam><apiItemName>axis</apiItemName><apiType value="flash.geom:Vector3D"/><apiDesc>Direction vector or axis on which to rotate.          
		 </apiDesc></apiParam><apiParam><apiItemName>pivotPoint</apiItemName><apiType value="flash.geom:Vector3D"/><apiData>null</apiData><apiDesc>Position vector that sets an anchoring point for rotation. The position must be expressed in local units.                
		 </apiDesc></apiParam></apiOperationDef><apiDesc>
		 Rotates the object on the specified axis from its current position.              
		 The pivotPoint parameter can be used to rotate around a point.
		 </apiDesc></apiOperationDetail></apiOperation><apiOperation id="flare.utils:Matrix3DUtils:rotateX"><apiName>rotateX</apiName><shortdesc>
		 Rotates the matrix on the X axis from its current position.</shortdesc><prolog/><apiOperationDetail><apiOperationDef><apiAccess value="public"/><apiStatic/><apiReturn><apiType value="void"/></apiReturn><apiParam><apiItemName>m</apiItemName><apiType value="flash.geom:Matrix3D"/><apiDesc>Source Matrix3D.
		 </apiDesc></apiParam><apiParam><apiItemName>angle</apiItemName><apiType value="Number"/><apiDesc>Angles to be rotated.     
		 </apiDesc></apiParam><apiParam><apiItemName>local</apiItemName><apiType value="Boolean"/><apiData>true</apiData><apiDesc>true to rotate respecting current orientation, or false to rotate according to orientation relative to parent. 
		 </apiDesc></apiParam><apiParam><apiItemName>pivotPoint</apiItemName><apiType value="flash.geom:Vector3D"/><apiData>null</apiData><apiDesc>Position vector that sets an anchoring point for rotation. The position must be expressed in local units.                
		 </apiDesc></apiParam></apiOperationDef><apiDesc>
		 Rotates the matrix on the X axis from its current position.
		 The pivotPoint parameter can be used to rotate around a point.
		 </apiDesc></apiOperationDetail></apiOperation><apiOperation id="flare.utils:Matrix3DUtils:rotateY"><apiName>rotateY</apiName><shortdesc>
		 Rotates the matrix on the Y axis from its current position.</shortdesc><prolog/><apiOperationDetail><apiOperationDef><apiAccess value="public"/><apiStatic/><apiReturn><apiType value="void"/></apiReturn><apiParam><apiItemName>m</apiItemName><apiType value="flash.geom:Matrix3D"/><apiDesc>Source Matrix3D.
		 </apiDesc></apiParam><apiParam><apiItemName>angle</apiItemName><apiType value="Number"/><apiDesc>Angles to be rotated.     
		 </apiDesc></apiParam><apiParam><apiItemName>local</apiItemName><apiType value="Boolean"/><apiData>true</apiData><apiDesc>true to rotate respecting current orientation, or false to rotate according to orientation relative to parent. 
		 </apiDesc></apiParam><apiParam><apiItemName>pivotPoint</apiItemName><apiType value="flash.geom:Vector3D"/><apiData>null</apiData><apiDesc>Position vector that sets an anchoring point for rotation. The position must be expressed in local units.                
		 </apiDesc></apiParam></apiOperationDef><apiDesc>
		 Rotates the matrix on the Y axis from its current position.
		 The pivotPoint parameter can be used to rotate around a point.
		 </apiDesc></apiOperationDetail></apiOperation><apiOperation id="flare.utils:Matrix3DUtils:rotateZ"><apiName>rotateZ</apiName><shortdesc>
		 Rotates the matrix on the Z axis from its current position.</shortdesc><prolog/><apiOperationDetail><apiOperationDef><apiAccess value="public"/><apiStatic/><apiReturn><apiType value="void"/></apiReturn><apiParam><apiItemName>m</apiItemName><apiType value="flash.geom:Matrix3D"/><apiDesc>Source Matrix3D.
		 </apiDesc></apiParam><apiParam><apiItemName>angle</apiItemName><apiType value="Number"/><apiDesc>Angles to be rotated.     
		 </apiDesc></apiParam><apiParam><apiItemName>local</apiItemName><apiType value="Boolean"/><apiData>true</apiData><apiDesc>true to rotate respecting current orientation, or false to rotate according to orientation relative to parent. 
		 </apiDesc></apiParam><apiParam><apiItemName>pivotPoint</apiItemName><apiType value="flash.geom:Vector3D"/><apiData>null</apiData><apiDesc>Position vector that sets an anchoring point for rotation. The position must be expressed in local units.                
		 </apiDesc></apiParam></apiOperationDef><apiDesc>
		 Rotates the matrix on the Z axis from its current position.
		 The pivotPoint parameter can be used to rotate around a point.
		 </apiDesc></apiOperationDetail></apiOperation><apiOperation id="flare.utils:Matrix3DUtils:scaleX"><apiName>scaleX</apiName><shortdesc>
		 Increases or decreases the matrix scale on the X axis.</shortdesc><prolog/><apiOperationDetail><apiOperationDef><apiAccess value="public"/><apiStatic/><apiReturn><apiType value="void"/></apiReturn><apiParam><apiItemName>m</apiItemName><apiType value="flash.geom:Matrix3D"/><apiDesc>Soruce Matrix3D object.
		 </apiDesc></apiParam><apiParam><apiItemName>scale</apiItemName><apiType value="Number"/><apiDesc>Scale value.
		 </apiDesc></apiParam></apiOperationDef><apiDesc>
		 Increases or decreases the matrix scale on the X axis.
		 Use a value greater than one to increase or less than one to decrease.
		 Setting the scale to 2 means that objects will be scaled to twice their original size, whereas a value of 0.5 would scale objects to one half of their original size.
		 </apiDesc></apiOperationDetail></apiOperation><apiOperation id="flare.utils:Matrix3DUtils:scaleY"><apiName>scaleY</apiName><shortdesc>
		 Increases or decreases the matrix scale on the Y axis.</shortdesc><prolog/><apiOperationDetail><apiOperationDef><apiAccess value="public"/><apiStatic/><apiReturn><apiType value="void"/></apiReturn><apiParam><apiItemName>m</apiItemName><apiType value="flash.geom:Matrix3D"/><apiDesc>Soruce Matrix3D object.
		 </apiDesc></apiParam><apiParam><apiItemName>scale</apiItemName><apiType value="Number"/><apiDesc>Scale value.
		 </apiDesc></apiParam></apiOperationDef><apiDesc>
		 Increases or decreases the matrix scale on the Y axis.
		 Use a value greater than one to increase or less than one to decrease.
		 Setting the scale to 2 means that objects will be scaled to twice their original size, whereas a value of 0.5 would scale objects to one half of their original size.
		 </apiDesc></apiOperationDetail></apiOperation><apiOperation id="flare.utils:Matrix3DUtils:scaleZ"><apiName>scaleZ</apiName><shortdesc>
		 Increases or decreases the matrix scale on the Z axis.</shortdesc><prolog/><apiOperationDetail><apiOperationDef><apiAccess value="public"/><apiStatic/><apiReturn><apiType value="void"/></apiReturn><apiParam><apiItemName>m</apiItemName><apiType value="flash.geom:Matrix3D"/><apiDesc>Soruce Matrix3D object.
		 </apiDesc></apiParam><apiParam><apiItemName>scale</apiItemName><apiType value="Number"/><apiDesc>Scale value.
		 </apiDesc></apiParam></apiOperationDef><apiDesc>
		 Increases or decreases the matrix scale on the Z axis.
		 Use a value greater than one to increase or less than one to decrease.
		 Setting the scale to 2 means that objects will be scaled to twice their original size, whereas a value of 0.5 would scale objects to one half of their original size.
		 </apiDesc></apiOperationDetail></apiOperation><apiOperation id="flare.utils:Matrix3DUtils:setNormalOrientation"><apiName>setNormalOrientation</apiName><shortdesc>
		 Aligns the object to a normal.</shortdesc><prolog/><apiOperationDetail><apiOperationDef><apiAccess value="public"/><apiStatic/><apiReturn><apiType value="void"/></apiReturn><apiParam><apiItemName>m</apiItemName><apiType value="flash.geom:Matrix3D"/><apiDesc>Matrix to be tested.
		 </apiDesc></apiParam><apiParam><apiItemName>normal</apiItemName><apiType value="flash.geom:Vector3D"/><apiDesc>Normal used for alignment.                    
		 </apiDesc></apiParam><apiParam><apiItemName>smooth</apiItemName><apiType value="Number"/><apiData>1</apiData><apiDesc>Optional interpolation value (0-1).
		 </apiDesc></apiParam></apiOperationDef><apiDesc>
		 Aligns the object to a normal.
		 </apiDesc></apiOperationDetail></apiOperation><apiOperation id="flare.utils:Matrix3DUtils:setOrientation"><apiName>setOrientation</apiName><shortdesc>
		 Orients the object in a specific direction.</shortdesc><prolog/><apiOperationDetail><apiOperationDef><apiAccess value="public"/><apiStatic/><apiReturn><apiType value="void"/></apiReturn><apiParam><apiItemName>m</apiItemName><apiType value="flash.geom:Matrix3D"/><apiDesc>Matrix to be tested.
		 </apiDesc></apiParam><apiParam><apiItemName>dir</apiItemName><apiType value="flash.geom:Vector3D"/><apiDesc>Direction set for orientation.       
		 </apiDesc></apiParam><apiParam><apiItemName>up</apiItemName><apiType value="flash.geom:Vector3D"/><apiData>null</apiData><apiDesc>Upper side of the object. The default value is (0,1,0).
		 </apiDesc></apiParam><apiParam><apiItemName>smooth</apiItemName><apiType value="Number"/><apiData>1</apiData><apiDesc>Optional interpolation value (0-1).
		 </apiDesc></apiParam></apiOperationDef><apiDesc>
		 Orients the object in a specific direction.  
		 </apiDesc></apiOperationDetail></apiOperation><apiOperation id="flare.utils:Matrix3DUtils:setPosition"><apiName>setPosition</apiName><shortdesc>
		 Returns a matrix position.</shortdesc><prolog/><apiOperationDetail><apiOperationDef><apiAccess value="public"/><apiStatic/><apiReturn><apiDesc>If the 'out' is 'null', a new Vector3D with the position will be returned. Otherwise, the same vector passed to the 'out' parameter will be returned.
		 </apiDesc><apiType value="void"/></apiReturn><apiParam><apiItemName>m</apiItemName><apiType value="flash.geom:Matrix3D"/><apiDesc>Matrix to be tested.
		 </apiDesc></apiParam><apiParam><apiItemName>x</apiItemName><apiType value="Number"/><apiDesc>Output vector3D where the matrix position is to be returned.
		 </apiDesc></apiParam><apiParam><apiItemName>y</apiItemName><apiType value="Number"/></apiParam><apiParam><apiItemName>z</apiItemName><apiType value="Number"/></apiParam><apiParam><apiItemName>smooth</apiItemName><apiType value="Number"/><apiData>1</apiData></apiParam></apiOperationDef><apiDesc>
		 Returns a matrix position.
		 </apiDesc></apiOperationDetail></apiOperation><apiOperation id="flare.utils:Matrix3DUtils:setRotation"><apiName>setRotation</apiName><shortdesc>
		 Rotates a matrix using euler angles.</shortdesc><prolog/><apiOperationDetail><apiOperationDef><apiAccess value="public"/><apiStatic/><apiReturn><apiType value="void"/></apiReturn><apiParam><apiItemName>m</apiItemName><apiType value="flash.geom:Matrix3D"/><apiDesc>Matrix to be rotated.
		 </apiDesc></apiParam><apiParam><apiItemName>x</apiItemName><apiType value="Number"/><apiDesc>Rotation on X axis in angles.
		 </apiDesc></apiParam><apiParam><apiItemName>y</apiItemName><apiType value="Number"/><apiDesc>Rotation on Y axis in angles.
		 </apiDesc></apiParam><apiParam><apiItemName>z</apiItemName><apiType value="Number"/><apiDesc>Rotation on Z axis in angles.
		 </apiDesc></apiParam></apiOperationDef><apiDesc>
		 Rotates a matrix using euler angles. Rotation is absolute; therefore, any previous rotation is to be omitted.
		 </apiDesc></apiOperationDetail></apiOperation><apiOperation id="flare.utils:Matrix3DUtils:setScale"><apiName>setScale</apiName><shortdesc>
		 Sets the object scale.</shortdesc><prolog/><apiOperationDetail><apiOperationDef><apiAccess value="public"/><apiStatic/><apiReturn><apiType value="void"/></apiReturn><apiParam><apiItemName>m</apiItemName><apiType value="flash.geom:Matrix3D"/><apiDesc>Matrix to be tested.
		 </apiDesc></apiParam><apiParam><apiItemName>x</apiItemName><apiType value="Number"/><apiDesc>Scale on x
		 </apiDesc></apiParam><apiParam><apiItemName>y</apiItemName><apiType value="Number"/><apiDesc>Scale on y
		 </apiDesc></apiParam><apiParam><apiItemName>z</apiItemName><apiType value="Number"/><apiDesc>Scale on z
		 </apiDesc></apiParam><apiParam><apiItemName>smooth</apiItemName><apiType value="Number"/><apiData>1</apiData></apiParam></apiOperationDef><apiDesc>
		 Sets the object scale. This method sets the scale in an absolute manner; therefore, any previous scale will be ignored.              
		 Default value is 1, use a value greater than one to increase or less than 1 to decrease the scale. 
		 Setting the scale to 2 means that objects will be scaled to twice their original size, whereas a value of 0.5 would scale objects to one half of their original size.
		 </apiDesc></apiOperationDetail></apiOperation><apiOperation id="flare.utils:Matrix3DUtils:setTranslation"><apiName>setTranslation</apiName><shortdesc>
		 Translates the object from its current position to the specified distance.</shortdesc><prolog/><apiOperationDetail><apiOperationDef><apiAccess value="public"/><apiStatic/><apiReturn><apiType value="void"/></apiReturn><apiParam><apiItemName>m</apiItemName><apiType value="flash.geom:Matrix3D"/><apiDesc>Matrix to be tested.
		 </apiDesc></apiParam><apiParam><apiItemName>x</apiItemName><apiType value="Number"/><apiData>0</apiData><apiDesc>Distance in units to translate on X axis.         
		 </apiDesc></apiParam><apiParam><apiItemName>y</apiItemName><apiType value="Number"/><apiData>0</apiData><apiDesc>Distance in units to translate on Y axis.            
		 </apiDesc></apiParam><apiParam><apiItemName>z</apiItemName><apiType value="Number"/><apiData>0</apiData><apiDesc>Distance in units to translate on Z axis.            
		 </apiDesc></apiParam><apiParam><apiItemName>local</apiItemName><apiType value="Boolean"/><apiData>true</apiData><apiDesc>true to translate respecting current orientation or false to translate on the coordinates relative to the parent.         
		 </apiDesc></apiParam></apiOperationDef><apiDesc>
		 Translates the object from its current position to the specified distance.
		 </apiDesc></apiOperationDetail><related-links><link href="flare.utils.xml#Matrix3DUtils/translateX()"><linktext>translateX()</linktext></link><link href="flare.utils.xml#Matrix3DUtils/translateY()"><linktext>translateY()</linktext></link><link href="flare.utils.xml#Matrix3DUtils/translateZ()"><linktext>translateZ()</linktext></link><link href="flare.utils.xml#Matrix3DUtils/translateAxis()"><linktext>translateAxis()</linktext></link></related-links></apiOperation><apiOperation id="flare.utils:Matrix3DUtils:transformVector"><apiName>transformVector</apiName><shortdesc>
		 Transforms a given point multiplying it by a matrix.</shortdesc><prolog/><apiOperationDetail><apiOperationDef><apiAccess value="public"/><apiStatic/><apiReturn><apiType value="flash.geom:Vector3D"/></apiReturn><apiParam><apiItemName>m</apiItemName><apiType value="flash.geom:Matrix3D"/><apiDesc>Matrix that will be used to transform the point.
		 </apiDesc></apiParam><apiParam><apiItemName>vector</apiItemName><apiType value="flash.geom:Vector3D"/><apiDesc>Vector3D that represents the point to be transformed.
		 </apiDesc></apiParam><apiParam><apiItemName>out</apiItemName><apiType value="flash.geom:Vector3D"/><apiData>null</apiData><apiDesc>out Vector3D where the transformed point is to be returned.
		 </apiDesc></apiParam></apiOperationDef><apiDesc>
		 Transforms a given point multiplying it by a matrix.
		 </apiDesc></apiOperationDetail></apiOperation><apiOperation id="flare.utils:Matrix3DUtils:translateAxis"><apiName>translateAxis</apiName><shortdesc>
		 Translates the object on a certain axis from its current position.</shortdesc><prolog/><apiOperationDetail><apiOperationDef><apiAccess value="public"/><apiStatic/><apiReturn><apiType value="void"/></apiReturn><apiParam><apiItemName>m</apiItemName><apiType value="flash.geom:Matrix3D"/><apiDesc>Matrix to be tested.
		 </apiDesc></apiParam><apiParam><apiItemName>distance</apiItemName><apiType value="Number"/><apiDesc>Distance to translate. 
		 </apiDesc></apiParam><apiParam><apiItemName>axis</apiItemName><apiType value="flash.geom:Vector3D"/><apiDesc>Direction vector or axis on which to translate.                     
		 </apiDesc></apiParam></apiOperationDef><apiDesc>
		 Translates the object on a certain axis from its current position.
		 </apiDesc></apiOperationDetail><related-links><link href="flare.utils.xml#Matrix3DUtils/translateX()"><linktext>translateX()</linktext></link><link href="flare.utils.xml#Matrix3DUtils/translateY()"><linktext>translateY()</linktext></link><link href="flare.utils.xml#Matrix3DUtils/translateZ()"><linktext>translateZ()</linktext></link><link href="flare.utils.xml#Matrix3DUtils/setTranslation()"><linktext>setTranslation()</linktext></link></related-links></apiOperation><apiOperation id="flare.utils:Matrix3DUtils:translateX"><apiName>translateX</apiName><shortdesc>
		 Translates the object on the X axis from its current position.</shortdesc><prolog/><apiOperationDetail><apiOperationDef><apiAccess value="public"/><apiStatic/><apiReturn><apiType value="void"/></apiReturn><apiParam><apiItemName>m</apiItemName><apiType value="flash.geom:Matrix3D"/><apiDesc>Matrix to be tested.
		 </apiDesc></apiParam><apiParam><apiItemName>distance</apiItemName><apiType value="Number"/><apiDesc>Distance to translate.          
		 </apiDesc></apiParam><apiParam><apiItemName>local</apiItemName><apiType value="Boolean"/><apiData>true</apiData><apiDesc>true to translate respecting current orientation, or false to translate on the coordinates relative to parent.         
		 </apiDesc></apiParam></apiOperationDef><apiDesc>
		 Translates the object on the X axis from its current position.
		 </apiDesc></apiOperationDetail><related-links><link href="flare.utils.xml#Matrix3DUtils/setTranslation()"><linktext>setTranslation()</linktext></link><link href="flare.utils.xml#Matrix3DUtils/translateAxis()"><linktext>translateAxis()</linktext></link></related-links></apiOperation><apiOperation id="flare.utils:Matrix3DUtils:translateY"><apiName>translateY</apiName><shortdesc>
		 Translates the object on the Y axis from its current position.</shortdesc><prolog/><apiOperationDetail><apiOperationDef><apiAccess value="public"/><apiStatic/><apiReturn><apiType value="void"/></apiReturn><apiParam><apiItemName>m</apiItemName><apiType value="flash.geom:Matrix3D"/><apiDesc>Matrix to be tested.
		 </apiDesc></apiParam><apiParam><apiItemName>distance</apiItemName><apiType value="Number"/><apiDesc>Distance to translate.          
		 </apiDesc></apiParam><apiParam><apiItemName>local</apiItemName><apiType value="Boolean"/><apiData>true</apiData><apiDesc>true to translate respecting current orientation, or false to translate on the coordinates relative to parent.         
		 </apiDesc></apiParam></apiOperationDef><apiDesc>
		 Translates the object on the Y axis from its current position.
		 </apiDesc></apiOperationDetail><related-links><link href="flare.utils.xml#Matrix3DUtils/setTranslation()"><linktext>setTranslation()</linktext></link><link href="flare.utils.xml#Matrix3DUtils/translateAxis()"><linktext>translateAxis()</linktext></link></related-links></apiOperation><apiOperation id="flare.utils:Matrix3DUtils:translateZ"><apiName>translateZ</apiName><shortdesc>
		 Translates the object on the Z axis from its current position.</shortdesc><prolog/><apiOperationDetail><apiOperationDef><apiAccess value="public"/><apiStatic/><apiReturn><apiType value="void"/></apiReturn><apiParam><apiItemName>m</apiItemName><apiType value="flash.geom:Matrix3D"/><apiDesc>Matrix to be tested.
		 </apiDesc></apiParam><apiParam><apiItemName>distance</apiItemName><apiType value="Number"/><apiDesc>Distance to translate.          
		 </apiDesc></apiParam><apiParam><apiItemName>local</apiItemName><apiType value="Boolean"/><apiData>true</apiData><apiDesc>true to translate respecting current orientation, or false to translate on the coordinates relative to parent.         
		 </apiDesc></apiParam></apiOperationDef><apiDesc>
		 Translates the object on the Z axis from its current position.
		 </apiDesc></apiOperationDetail><related-links><link href="flare.utils.xml#Matrix3DUtils/setTranslation()"><linktext>setTranslation()</linktext></link><link href="flare.utils.xml#Matrix3DUtils/translateAxis()"><linktext>translateAxis()</linktext></link></related-links></apiOperation></apiClassifier></apiPackage>