<?xml version="1.0" encoding="UTF-8"?><apiPackage id="flare.loaders"><apiName>flare.loaders</apiName><apiDetail/><apiClassifier id="flare.loaders:ZF3DLoader"><apiName>ZF3DLoader</apiName><shortdesc>
	 </shortdesc><prolog><author>Ariel Nehmad
	 </author><asMetadata/></prolog><apiClassifierDetail><apiClassifierDef><apiAccess value="public"/><apiStatic/><apiBaseInterface>flare.system:ILibraryExternalItem</apiBaseInterface><apiBaseClassifier>flare.core:Pivot3D</apiBaseClassifier></apiClassifierDef><apiDesc>
	 </apiDesc></apiClassifierDetail><apiConstructor id="flare.loaders:ZF3DLoader:ZF3DLoader"><apiName>ZF3DLoader</apiName><shortdesc/><prolog/><apiConstructorDetail><apiConstructorDef><apiAccess value="public"/><apiParam><apiItemName>request</apiItemName><apiType value="any"/></apiParam><apiParam><apiItemName>parent</apiItemName><apiOperationClassifier>flare.core:Pivot3D</apiOperationClassifier><apiData>null</apiData></apiParam><apiParam><apiItemName>sceneContext</apiItemName><apiOperationClassifier>flare.basic:Scene3D</apiOperationClassifier><apiData>null</apiData></apiParam></apiConstructorDef></apiConstructorDetail></apiConstructor><apiOperation id="flare.loaders:ZF3DLoader:close"><apiName>close</apiName><shortdesc/><prolog/><apiOperationDetail><apiOperationDef><apiAccess value="public"/><apiReturn><apiType value="void"/></apiReturn></apiOperationDef></apiOperationDetail></apiOperation><apiOperation id="flare.loaders:ZF3DLoader:loadBytes"><apiName>loadBytes</apiName><shortdesc/><prolog/><apiOperationDetail><apiOperationDef><apiAccess value="public"/><apiReturn><apiType value="void"/></apiReturn><apiParam><apiItemName>byteArray</apiItemName><apiType value="flash.utils:ByteArray"/></apiParam></apiOperationDef></apiOperationDetail></apiOperation><apiOperation id="flare.loaders:ZF3DLoader:load"><apiName>load</apiName><shortdesc/><prolog/><apiOperationDetail><apiOperationDef><apiAccess value="public"/><apiReturn><apiType value="void"/></apiReturn></apiOperationDef></apiOperationDetail></apiOperation><apiValue id="flare.loaders:ZF3DLoader:activeCamera"><apiName>activeCamera</apiName><shortdesc/><prolog/><apiValueDetail><apiValueDef><apiProperty/><apiAccess value="public"/><apiDynamic/><apiValueClassifier>flare.core:Camera3D</apiValueClassifier></apiValueDef></apiValueDetail></apiValue><apiValue id="flare.loaders:ZF3DLoader:bytesLoaded:get"><apiName>bytesLoaded</apiName><shortdesc/><prolog/><apiValueDetail><apiValueDef><apiProperty/><apiAccess value="public"/><apiDynamic/><apiValueAccess value="read"/><apiType value="uint"/></apiValueDef></apiValueDetail></apiValue><apiValue id="flare.loaders:ZF3DLoader:bytesTotal:get"><apiName>bytesTotal</apiName><shortdesc/><prolog/><apiValueDetail><apiValueDef><apiProperty/><apiAccess value="public"/><apiDynamic/><apiValueAccess value="read"/><apiType value="uint"/></apiValueDef></apiValueDetail></apiValue><apiValue id="flare.loaders:ZF3DLoader:loaded:get"><apiName>loaded</apiName><shortdesc/><prolog/><apiValueDetail><apiValueDef><apiProperty/><apiAccess value="public"/><apiDynamic/><apiValueAccess value="read"/><apiType value="Boolean"/></apiValueDef></apiValueDetail></apiValue></apiClassifier><apiClassifier id="flare.loaders:ByteArrayLoader"><apiName>ByteArrayLoader</apiName><shortdesc>
	 </shortdesc><prolog><author>Ariel Nehmad
	 </author><asMetadata/></prolog><apiClassifierDetail><apiClassifierDef><apiAccess value="public"/><apiStatic/><apiBaseInterface>flare.system:ILibraryExternalItem</apiBaseInterface><apiBaseClassifier>flash.events:EventDispatcher</apiBaseClassifier></apiClassifierDef><apiDesc>
	 </apiDesc></apiClassifierDetail><apiConstructor id="flare.loaders:ByteArrayLoader:ByteArrayLoader"><apiName>ByteArrayLoader</apiName><shortdesc/><prolog/><apiConstructorDetail><apiConstructorDef><apiAccess value="public"/><apiParam><apiItemName>request</apiItemName><apiType value="any"/></apiParam></apiConstructorDef></apiConstructorDetail></apiConstructor><apiOperation id="flare.loaders:ByteArrayLoader:close"><apiName>close</apiName><shortdesc/><prolog/><apiOperationDetail><apiOperationDef><apiAccess value="public"/><apiReturn><apiType value="void"/></apiReturn></apiOperationDef></apiOperationDetail></apiOperation><apiOperation id="flare.loaders:ByteArrayLoader:dispose"><apiName>dispose</apiName><shortdesc/><prolog/><apiOperationDetail><apiOperationDef><apiAccess value="public"/><apiReturn><apiType value="void"/></apiReturn></apiOperationDef></apiOperationDetail></apiOperation><apiOperation id="flare.loaders:ByteArrayLoader:load"><apiName>load</apiName><shortdesc/><prolog/><apiOperationDetail><apiOperationDef><apiAccess value="public"/><apiReturn><apiType value="void"/></apiReturn></apiOperationDef></apiOperationDetail></apiOperation><apiValue id="flare.loaders:ByteArrayLoader:bytesLoaded:get"><apiName>bytesLoaded</apiName><shortdesc/><prolog/><apiValueDetail><apiValueDef><apiProperty/><apiAccess value="public"/><apiDynamic/><apiValueAccess value="read"/><apiType value="uint"/></apiValueDef></apiValueDetail></apiValue><apiValue id="flare.loaders:ByteArrayLoader:bytesTotal:get"><apiName>bytesTotal</apiName><shortdesc/><prolog/><apiValueDetail><apiValueDef><apiProperty/><apiAccess value="public"/><apiDynamic/><apiValueAccess value="read"/><apiType value="uint"/></apiValueDef></apiValueDetail></apiValue><apiValue id="flare.loaders:ByteArrayLoader:data:get"><apiName>data</apiName><shortdesc/><prolog/><apiValueDetail><apiValueDef><apiProperty/><apiAccess value="public"/><apiDynamic/><apiValueAccess value="read"/><apiType value="any"/></apiValueDef></apiValueDetail></apiValue><apiValue id="flare.loaders:ByteArrayLoader:loaded:get"><apiName>loaded</apiName><shortdesc/><prolog/><apiValueDetail><apiValueDef><apiProperty/><apiAccess value="public"/><apiDynamic/><apiValueAccess value="read"/><apiType value="Boolean"/></apiValueDef></apiValueDetail></apiValue></apiClassifier><apiClassifier id="flare.loaders:ColladaLoader"><apiName>ColladaLoader</apiName><shortdesc>
	 The ColladaLoader class allows to import Collada (DAE) files.</shortdesc><prolog><author>Ariel Nehmad
	 </author><asMetadata/></prolog><apiClassifierDetail><apiClassifierDef><apiAccess value="public"/><apiStatic/><apiBaseInterface>flare.system:ILibraryExternalItem</apiBaseInterface><apiBaseClassifier>flare.core:Pivot3D</apiBaseClassifier></apiClassifierDef><apiDesc>
	 The ColladaLoader class allows to import Collada (DAE) files.
	 
	 </apiDesc></apiClassifierDetail><apiConstructor id="flare.loaders:ColladaLoader:ColladaLoader"><apiName>ColladaLoader</apiName><shortdesc/><prolog/><apiConstructorDetail><apiConstructorDef><apiAccess value="public"/><apiParam><apiItemName>request</apiItemName><apiType value="any"/></apiParam><apiParam><apiItemName>parent</apiItemName><apiOperationClassifier>flare.core:Pivot3D</apiOperationClassifier><apiData>null</apiData></apiParam><apiParam><apiItemName>sceneContext</apiItemName><apiOperationClassifier>flare.basic:Scene3D</apiOperationClassifier><apiData>null</apiData></apiParam><apiParam><apiItemName>texturesFolder</apiItemName><apiType value="String"/><apiData>null</apiData></apiParam><apiParam><apiItemName>flipNormals</apiItemName><apiType value="Boolean"/><apiData>false</apiData></apiParam><apiParam><apiItemName>cullFace</apiItemName><apiType value="String"/><apiData>unknown</apiData></apiParam></apiConstructorDef></apiConstructorDetail></apiConstructor></apiClassifier><apiClassifier id="flare.loaders:Flare3DLoader2"><apiName>Flare3DLoader2</apiName><shortdesc>
	 The Flare3DLoader2 class is the base class to load F3D-V2 files.</shortdesc><prolog><author>Ariel Nehmad
	 </author><asMetadata/></prolog><apiClassifierDetail><apiClassifierDef><apiAccess value="public"/><apiStatic/><apiBaseInterface>flare.system:ILibraryExternalItem</apiBaseInterface><apiBaseClassifier>flare.core:Pivot3D</apiBaseClassifier></apiClassifierDef><apiDesc>
	 The Flare3DLoader2 class is the base class to load F3D-V2 files.
	 </apiDesc></apiClassifierDetail><apiConstructor id="flare.loaders:Flare3DLoader2:Flare3DLoader2"><apiName>Flare3DLoader2</apiName><shortdesc/><prolog/><apiConstructorDetail><apiConstructorDef><apiAccess value="public"/><apiParam><apiItemName>request</apiItemName><apiType value="any"/></apiParam><apiParam><apiItemName>parent</apiItemName><apiOperationClassifier>flare.core:Pivot3D</apiOperationClassifier><apiData>null</apiData></apiParam><apiParam><apiItemName>sceneContext</apiItemName><apiOperationClassifier>flare.basic:Scene3D</apiOperationClassifier><apiData>null</apiData></apiParam></apiConstructorDef></apiConstructorDetail></apiConstructor><apiOperation id="flare.loaders:Flare3DLoader2:close"><apiName>close</apiName><shortdesc/><prolog/><apiOperationDetail><apiOperationDef><apiAccess value="public"/><apiReturn><apiType value="void"/></apiReturn></apiOperationDef></apiOperationDetail></apiOperation><apiOperation id="flare.loaders:Flare3DLoader2:dispose"><apiName>dispose</apiName><shortdesc/><prolog/><apiOperationDetail><apiOperationDef><apiAccess value="public"/><apiIsOverride/><apiReturn><apiType value="void"/></apiReturn></apiOperationDef></apiOperationDetail></apiOperation><apiOperation id="flare.loaders:Flare3DLoader2:loadAsync"><apiName>loadAsync</apiName><shortdesc/><prolog/><apiOperationDetail><apiOperationDef><apiAccess value="public"/><apiReturn><apiType value="void"/></apiReturn><apiParam><apiItemName>count</apiItemName><apiType value="int"/><apiData>10</apiData></apiParam><apiParam><apiItemName>interval</apiItemName><apiType value="int"/><apiData>1</apiData></apiParam></apiOperationDef></apiOperationDetail></apiOperation><apiOperation id="flare.loaders:Flare3DLoader2:load"><apiName>load</apiName><shortdesc/><prolog/><apiOperationDetail><apiOperationDef><apiAccess value="public"/><apiReturn><apiType value="void"/></apiReturn></apiOperationDef></apiOperationDetail></apiOperation><apiValue id="flare.loaders:Flare3DLoader2:activeCamera"><apiName>activeCamera</apiName><shortdesc/><prolog/><apiValueDetail><apiValueDef><apiProperty/><apiAccess value="public"/><apiDynamic/><apiValueClassifier>flare.core:Camera3D</apiValueClassifier></apiValueDef></apiValueDetail></apiValue><apiValue id="flare.loaders:Flare3DLoader2:bytesLoaded:get"><apiName>bytesLoaded</apiName><shortdesc/><prolog/><apiValueDetail><apiValueDef><apiProperty/><apiAccess value="public"/><apiDynamic/><apiValueAccess value="read"/><apiType value="uint"/></apiValueDef></apiValueDetail></apiValue><apiValue id="flare.loaders:Flare3DLoader2:bytesTotal:get"><apiName>bytesTotal</apiName><shortdesc/><prolog/><apiValueDetail><apiValueDef><apiProperty/><apiAccess value="public"/><apiDynamic/><apiValueAccess value="read"/><apiType value="uint"/></apiValueDef></apiValueDetail></apiValue><apiValue id="flare.loaders:Flare3DLoader2:loaded:get"><apiName>loaded</apiName><shortdesc/><prolog/><apiValueDetail><apiValueDef><apiProperty/><apiAccess value="public"/><apiDynamic/><apiValueAccess value="read"/><apiType value="Boolean"/></apiValueDef></apiValueDetail></apiValue></apiClassifier><apiClassifier id="flare.loaders:Flare3DLoader"><apiName>Flare3DLoader</apiName><shortdesc>
	 The Flare3DLoader class is the base class to load F3D files.</shortdesc><prolog><author>Ariel Nehmad
	 </author><asMetadata/></prolog><apiClassifierDetail><apiClassifierDef><apiAccess value="public"/><apiStatic/><apiBaseInterface>flare.system:ILibraryExternalItem</apiBaseInterface><apiBaseClassifier>flare.core:Pivot3D</apiBaseClassifier></apiClassifierDef><apiDesc>
	 The Flare3DLoader class is the base class to load F3D files.
	 </apiDesc></apiClassifierDetail><apiConstructor id="flare.loaders:Flare3DLoader:Flare3DLoader"><apiName>Flare3DLoader</apiName><shortdesc/><prolog/><apiConstructorDetail><apiConstructorDef><apiAccess value="public"/><apiParam><apiItemName>request</apiItemName><apiType value="any"/></apiParam><apiParam><apiItemName>parent</apiItemName><apiOperationClassifier>flare.core:Pivot3D</apiOperationClassifier><apiData>null</apiData></apiParam><apiParam><apiItemName>sceneContext</apiItemName><apiOperationClassifier>flare.basic:Scene3D</apiOperationClassifier><apiData>null</apiData></apiParam></apiConstructorDef></apiConstructorDetail></apiConstructor><apiOperation id="flare.loaders:Flare3DLoader:close"><apiName>close</apiName><shortdesc/><prolog/><apiOperationDetail><apiOperationDef><apiAccess value="public"/><apiReturn><apiType value="void"/></apiReturn></apiOperationDef></apiOperationDetail></apiOperation><apiOperation id="flare.loaders:Flare3DLoader:load"><apiName>load</apiName><shortdesc/><prolog/><apiOperationDetail><apiOperationDef><apiAccess value="public"/><apiReturn><apiType value="void"/></apiReturn></apiOperationDef></apiOperationDetail></apiOperation><apiValue id="flare.loaders:Flare3DLoader:activeCamera:get"><apiName>activeCamera</apiName><shortdesc/><prolog/><apiValueDetail><apiValueDef><apiProperty/><apiAccess value="public"/><apiDynamic/><apiValueAccess value="read"/><apiValueClassifier>flare.core:Camera3D</apiValueClassifier></apiValueDef></apiValueDetail></apiValue><apiValue id="flare.loaders:Flare3DLoader:bytesLoaded:get"><apiName>bytesLoaded</apiName><shortdesc/><prolog/><apiValueDetail><apiValueDef><apiProperty/><apiAccess value="public"/><apiDynamic/><apiValueAccess value="read"/><apiType value="uint"/></apiValueDef></apiValueDetail></apiValue><apiValue id="flare.loaders:Flare3DLoader:bytesTotal:get"><apiName>bytesTotal</apiName><shortdesc/><prolog/><apiValueDetail><apiValueDef><apiProperty/><apiAccess value="public"/><apiDynamic/><apiValueAccess value="read"/><apiType value="uint"/></apiValueDef></apiValueDetail></apiValue><apiValue id="flare.loaders:Flare3DLoader:loaded:get"><apiName>loaded</apiName><shortdesc/><prolog/><apiValueDetail><apiValueDef><apiProperty/><apiAccess value="public"/><apiDynamic/><apiValueAccess value="read"/><apiType value="Boolean"/></apiValueDef></apiValueDetail></apiValue></apiClassifier></apiPackage>